id,hostel_block_id,gender,floor,room_number,room_type,has_ac,capacity,current_occupancy,is_active
hrm-0001,hblk-boys-a,Male,1,BA-F1R01,double,False,2,0,True
hrm-0002,hblk-boys-a,Male,1,BA-F1R02,double,False,2,0,True
hrm-0003,hblk-boys-a,Male,1,BA-F1R03,double,False,2,0,True
hrm-0004,hblk-boys-a,Male,1,BA-F1R04,double,False,2,0,True
hrm-0005,hblk-boys-a,Male,1,BA-F1R05,double,False,2,0,True
hrm-0006,hblk-boys-a,Male,1,BA-F1R06,double,False,2,0,True
hrm-0007,hblk-boys-a,Male,1,BA-F1R07,double,False,2,0,True
hrm-0008,hblk-boys-a,Male,1,BA-F1R08,double,False,2,0,True
hrm-0009,hblk-boys-a,Male,1,BA-F1R09,double,False,2,0,True
hrm-0010,hblk-boys-a,Male,1,BA-F1R10,double,False,2,0,True
hrm-0011,hblk-boys-a,Male,1,BA-F1R11,double,False,2,0,True
hrm-0012,hblk-boys-a,Male,1,BA-F1R12,double,False,2,0,True
hrm-0013,hblk-boys-a,Male,1,BA-F1R01,triple,False,3,0,True
hrm-0014,hblk-boys-a,Male,1,BA-F1R02,triple,False,3,0,True
hrm-0015,hblk-boys-a,Male,1,BA-F1R03,triple,False,3,0,True
hrm-0016,hblk-boys-a,Male,1,BA-F1R04,triple,False,3,0,True
hrm-0017,hblk-boys-a,Male,1,BA-F1R05,triple,False,3,0,True
hrm-0018,hblk-boys-a,Male,1,BA-F1R06,triple,False,3,0,True
hrm-0019,hblk-boys-a,Male,1,BA-F1R07,triple,False,3,0,True
hrm-0020,hblk-boys-a,Male,1,BA-F1R08,triple,False,3,0,True
hrm-0021,hblk-boys-a,Male,1,BA-F1R09,triple,False,3,0,True
hrm-0022,hblk-boys-a,Male,1,BA-F1R10,triple,False,3,0,True
hrm-0023,hblk-boys-a,Male,1,BA-F1R01,quadruple,False,4,0,True
hrm-0024,hblk-boys-a,Male,1,BA-F1R02,quadruple,False,4,0,True
hrm-0025,hblk-boys-a,Male,1,BA-F1R03,quadruple,False,4,0,True
hrm-0026,hblk-boys-a,Male,1,BA-F1R04,quadruple,False,4,0,True
hrm-0027,hblk-boys-a,Male,1,BA-F1R05,quadruple,False,4,0,True
hrm-0028,hblk-boys-a,Male,1,BA-F1R06,quadruple,False,4,0,True
hrm-0029,hblk-boys-a,Male,2,BA-F2R01,double,False,2,0,True
hrm-0030,hblk-boys-a,Male,2,BA-F2R02,double,False,2,0,True
hrm-0031,hblk-boys-a,Male,2,BA-F2R03,double,False,2,0,True
hrm-0032,hblk-boys-a,Male,2,BA-F2R04,double,False,2,0,True
hrm-0033,hblk-boys-a,Male,2,BA-F2R05,double,False,2,0,True
hrm-0034,hblk-boys-a,Male,2,BA-F2R06,double,False,2,0,True
hrm-0035,hblk-boys-a,Male,2,BA-F2R07,double,False,2,0,True
hrm-0036,hblk-boys-a,Male,2,BA-F2R08,double,False,2,0,True
hrm-0037,hblk-boys-a,Male,2,BA-F2R09,double,False,2,0,True
hrm-0038,hblk-boys-a,Male,2,BA-F2R10,double,False,2,0,True
hrm-0039,hblk-boys-a,Male,2,BA-F2R11,double,False,2,0,True
hrm-0040,hblk-boys-a,Male,2,BA-F2R12,double,False,2,0,True
hrm-0041,hblk-boys-a,Male,2,BA-F2R01,triple,False,3,0,True
hrm-0042,hblk-boys-a,Male,2,BA-F2R02,triple,False,3,0,True
hrm-0043,hblk-boys-a,Male,2,BA-F2R03,triple,False,3,0,True
hrm-0044,hblk-boys-a,Male,2,BA-F2R04,triple,False,3,0,True
hrm-0045,hblk-boys-a,Male,2,BA-F2R05,triple,False,3,0,True
hrm-0046,hblk-boys-a,Male,2,BA-F2R06,triple,False,3,0,True
hrm-0047,hblk-boys-a,Male,2,BA-F2R07,triple,False,3,0,True
hrm-0048,hblk-boys-a,Male,2,BA-F2R08,triple,False,3,0,True
hrm-0049,hblk-boys-a,Male,2,BA-F2R09,triple,False,3,0,True
hrm-0050,hblk-boys-a,Male,2,BA-F2R10,triple,False,3,0,True
hrm-0051,hblk-boys-a,Male,2,BA-F2R01,quadruple,False,4,0,True
hrm-0052,hblk-boys-a,Male,2,BA-F2R02,quadruple,False,4,0,True
hrm-0053,hblk-boys-a,Male,2,BA-F2R03,quadruple,False,4,0,True
hrm-0054,hblk-boys-a,Male,2,BA-F2R04,quadruple,False,4,0,True
hrm-0055,hblk-boys-a,Male,2,BA-F2R05,quadruple,False,4,0,True
hrm-0056,hblk-boys-a,Male,2,BA-F2R06,quadruple,False,4,0,True
hrm-0057,hblk-boys-a,Male,3,BA-F3R01,double,False,2,0,True
hrm-0058,hblk-boys-a,Male,3,BA-F3R02,double,False,2,0,True
hrm-0059,hblk-boys-a,Male,3,BA-F3R03,double,False,2,0,True
hrm-0060,hblk-boys-a,Male,3,BA-F3R04,double,False,2,0,True
hrm-0061,hblk-boys-a,Male,3,BA-F3R05,double,False,2,0,True
hrm-0062,hblk-boys-a,Male,3,BA-F3R06,double,False,2,0,True
hrm-0063,hblk-boys-a,Male,3,BA-F3R07,double,False,2,0,True
hrm-0064,hblk-boys-a,Male,3,BA-F3R08,double,False,2,0,True
hrm-0065,hblk-boys-a,Male,3,BA-F3R09,double,False,2,0,True
hrm-0066,hblk-boys-a,Male,3,BA-F3R10,double,False,2,0,True
hrm-0067,hblk-boys-a,Male,3,BA-F3R11,double,False,2,0,True
hrm-0068,hblk-boys-a,Male,3,BA-F3R12,double,False,2,0,True
hrm-0069,hblk-boys-a,Male,3,BA-F3R01,triple,False,3,0,True
hrm-0070,hblk-boys-a,Male,3,BA-F3R02,triple,False,3,0,True
hrm-0071,hblk-boys-a,Male,3,BA-F3R03,triple,False,3,0,True
hrm-0072,hblk-boys-a,Male,3,BA-F3R04,triple,False,3,0,True
hrm-0073,hblk-boys-a,Male,3,BA-F3R05,triple,False,3,0,True
hrm-0074,hblk-boys-a,Male,3,BA-F3R06,triple,False,3,0,True
hrm-0075,hblk-boys-a,Male,3,BA-F3R07,triple,False,3,0,True
hrm-0076,hblk-boys-a,Male,3,BA-F3R08,triple,False,3,0,True
hrm-0077,hblk-boys-a,Male,3,BA-F3R09,triple,False,3,0,True
hrm-0078,hblk-boys-a,Male,3,BA-F3R10,triple,False,3,0,True
hrm-0079,hblk-boys-a,Male,3,BA-F3R01,quadruple,False,4,0,True
hrm-0080,hblk-boys-a,Male,3,BA-F3R02,quadruple,False,4,0,True
hrm-0081,hblk-boys-a,Male,3,BA-F3R03,quadruple,False,4,0,True
hrm-0082,hblk-boys-a,Male,3,BA-F3R04,quadruple,False,4,0,True
hrm-0083,hblk-boys-a,Male,3,BA-F3R05,quadruple,False,4,0,True
hrm-0084,hblk-boys-a,Male,3,BA-F3R06,quadruple,False,4,0,True
hrm-0085,hblk-boys-a,Male,4,BA-F4R01,double,False,2,0,True
hrm-0086,hblk-boys-a,Male,4,BA-F4R02,double,False,2,0,True
hrm-0087,hblk-boys-a,Male,4,BA-F4R03,double,False,2,0,True
hrm-0088,hblk-boys-a,Male,4,BA-F4R04,double,False,2,0,True
hrm-0089,hblk-boys-a,Male,4,BA-F4R05,double,False,2,0,True
hrm-0090,hblk-boys-a,Male,4,BA-F4R06,double,False,2,0,True
hrm-0091,hblk-boys-a,Male,4,BA-F4R07,double,False,2,0,True
hrm-0092,hblk-boys-a,Male,4,BA-F4R08,double,False,2,0,True
hrm-0093,hblk-boys-a,Male,4,BA-F4R09,double,False,2,0,True
hrm-0094,hblk-boys-a,Male,4,BA-F4R10,double,False,2,0,True
hrm-0095,hblk-boys-a,Male,4,BA-F4R11,double,False,2,0,True
hrm-0096,hblk-boys-a,Male,4,BA-F4R12,double,False,2,0,True
hrm-0097,hblk-boys-a,Male,4,BA-F4R01,triple,False,3,0,True
hrm-0098,hblk-boys-a,Male,4,BA-F4R02,triple,False,3,0,True
hrm-0099,hblk-boys-a,Male,4,BA-F4R03,triple,False,3,0,True
hrm-0100,hblk-boys-a,Male,4,BA-F4R04,triple,False,3,0,True
hrm-0101,hblk-boys-a,Male,4,BA-F4R05,triple,False,3,0,True
hrm-0102,hblk-boys-a,Male,4,BA-F4R06,triple,False,3,0,True
hrm-0103,hblk-boys-a,Male,4,BA-F4R07,triple,False,3,0,True
hrm-0104,hblk-boys-a,Male,4,BA-F4R08,triple,False,3,0,True
hrm-0105,hblk-boys-a,Male,4,BA-F4R09,triple,False,3,0,True
hrm-0106,hblk-boys-a,Male,4,BA-F4R10,triple,False,3,0,True
hrm-0107,hblk-boys-a,Male,4,BA-F4R01,quadruple,False,4,0,True
hrm-0108,hblk-boys-a,Male,4,BA-F4R02,quadruple,False,4,0,True
hrm-0109,hblk-boys-a,Male,4,BA-F4R03,quadruple,False,4,0,True
hrm-0110,hblk-boys-a,Male,4,BA-F4R04,quadruple,False,4,0,True
hrm-0111,hblk-boys-a,Male,4,BA-F4R05,quadruple,False,4,0,True
hrm-0112,hblk-boys-a,Male,4,BA-F4R06,quadruple,False,4,0,True
hrm-0113,hblk-boys-a,Male,5,BA-DORM-01,dormitory,False,20,0,True
hrm-0114,hblk-boys-a,Male,5,BA-DORM-02,dormitory,False,20,0,True
hrm-0115,hblk-boys-a,Male,5,BA-DORM-03,dormitory,False,20,0,True
hrm-0116,hblk-boys-b,Male,1,BB-F1R01,double,False,2,0,True
hrm-0117,hblk-boys-b,Male,1,BB-F1R02,double,False,2,0,True
hrm-0118,hblk-boys-b,Male,1,BB-F1R03,double,False,2,0,True
hrm-0119,hblk-boys-b,Male,1,BB-F1R04,double,False,2,0,True
hrm-0120,hblk-boys-b,Male,1,BB-F1R05,double,False,2,0,True
hrm-0121,hblk-boys-b,Male,1,BB-F1R06,double,False,2,0,True
hrm-0122,hblk-boys-b,Male,1,BB-F1R07,double,False,2,0,True
hrm-0123,hblk-boys-b,Male,1,BB-F1R08,double,False,2,0,True
hrm-0124,hblk-boys-b,Male,1,BB-F1R09,double,False,2,0,True
hrm-0125,hblk-boys-b,Male,1,BB-F1R10,double,False,2,0,True
hrm-0126,hblk-boys-b,Male,1,BB-F1R01,triple,False,3,0,True
hrm-0127,hblk-boys-b,Male,1,BB-F1R02,triple,False,3,0,True
hrm-0128,hblk-boys-b,Male,1,BB-F1R03,triple,False,3,0,True
hrm-0129,hblk-boys-b,Male,1,BB-F1R04,triple,False,3,0,True
hrm-0130,hblk-boys-b,Male,1,BB-F1R05,triple,False,3,0,True
hrm-0131,hblk-boys-b,Male,1,BB-F1R06,triple,False,3,0,True
hrm-0132,hblk-boys-b,Male,1,BB-F1R07,triple,False,3,0,True
hrm-0133,hblk-boys-b,Male,1,BB-F1R08,triple,False,3,0,True
hrm-0134,hblk-boys-b,Male,2,BB-F2R01,double,False,2,0,True
hrm-0135,hblk-boys-b,Male,2,BB-F2R02,double,False,2,0,True
hrm-0136,hblk-boys-b,Male,2,BB-F2R03,double,False,2,0,True
hrm-0137,hblk-boys-b,Male,2,BB-F2R04,double,False,2,0,True
hrm-0138,hblk-boys-b,Male,2,BB-F2R05,double,False,2,0,True
hrm-0139,hblk-boys-b,Male,2,BB-F2R06,double,False,2,0,True
hrm-0140,hblk-boys-b,Male,2,BB-F2R07,double,False,2,0,True
hrm-0141,hblk-boys-b,Male,2,BB-F2R08,double,False,2,0,True
hrm-0142,hblk-boys-b,Male,2,BB-F2R09,double,False,2,0,True
hrm-0143,hblk-boys-b,Male,2,BB-F2R10,double,False,2,0,True
hrm-0144,hblk-boys-b,Male,2,BB-F2R01,triple,False,3,0,True
hrm-0145,hblk-boys-b,Male,2,BB-F2R02,triple,False,3,0,True
hrm-0146,hblk-boys-b,Male,2,BB-F2R03,triple,False,3,0,True
hrm-0147,hblk-boys-b,Male,2,BB-F2R04,triple,False,3,0,True
hrm-0148,hblk-boys-b,Male,2,BB-F2R05,triple,False,3,0,True
hrm-0149,hblk-boys-b,Male,2,BB-F2R06,triple,False,3,0,True
hrm-0150,hblk-boys-b,Male,2,BB-F2R07,triple,False,3,0,True
hrm-0151,hblk-boys-b,Male,2,BB-F2R08,triple,False,3,0,True
hrm-0152,hblk-boys-b,Male,3,BB-F3R01,single,True,1,0,True
hrm-0153,hblk-boys-b,Male,3,BB-F3R02,single,True,1,0,True
hrm-0154,hblk-boys-b,Male,3,BB-F3R03,single,True,1,0,True
hrm-0155,hblk-boys-b,Male,3,BB-F3R04,single,True,1,0,True
hrm-0156,hblk-boys-b,Male,3,BB-F3R05,single,True,1,0,True
hrm-0157,hblk-boys-b,Male,3,BB-F3R06,single,True,1,0,True
hrm-0158,hblk-boys-b,Male,3,BB-F3R07,single,True,1,0,True
hrm-0159,hblk-boys-b,Male,3,BB-F3R08,single,True,1,0,True
hrm-0160,hblk-boys-b,Male,3,BB-F3R01,double,True,2,0,True
hrm-0161,hblk-boys-b,Male,3,BB-F3R02,double,True,2,0,True
hrm-0162,hblk-boys-b,Male,3,BB-F3R03,double,True,2,0,True
hrm-0163,hblk-boys-b,Male,3,BB-F3R04,double,True,2,0,True
hrm-0164,hblk-boys-b,Male,3,BB-F3R05,double,True,2,0,True
hrm-0165,hblk-boys-b,Male,3,BB-F3R06,double,True,2,0,True
hrm-0166,hblk-boys-b,Male,3,BB-F3R07,double,True,2,0,True
hrm-0167,hblk-boys-b,Male,3,BB-F3R08,double,True,2,0,True
hrm-0168,hblk-boys-b,Male,3,BB-F3R09,double,True,2,0,True
hrm-0169,hblk-boys-b,Male,3,BB-F3R10,double,True,2,0,True
hrm-0170,hblk-boys-b,Male,4,BB-F4R01,single,True,1,0,True
hrm-0171,hblk-boys-b,Male,4,BB-F4R02,single,True,1,0,True
hrm-0172,hblk-boys-b,Male,4,BB-F4R03,single,True,1,0,True
hrm-0173,hblk-boys-b,Male,4,BB-F4R04,single,True,1,0,True
hrm-0174,hblk-boys-b,Male,4,BB-F4R05,single,True,1,0,True
hrm-0175,hblk-boys-b,Male,4,BB-F4R06,single,True,1,0,True
hrm-0176,hblk-boys-b,Male,4,BB-F4R07,single,True,1,0,True
hrm-0177,hblk-boys-b,Male,4,BB-F4R08,single,True,1,0,True
hrm-0178,hblk-boys-b,Male,4,BB-F4R01,double,True,2,0,True
hrm-0179,hblk-boys-b,Male,4,BB-F4R02,double,True,2,0,True
hrm-0180,hblk-boys-b,Male,4,BB-F4R03,double,True,2,0,True
hrm-0181,hblk-boys-b,Male,4,BB-F4R04,double,True,2,0,True
hrm-0182,hblk-boys-b,Male,4,BB-F4R05,double,True,2,0,True
hrm-0183,hblk-boys-b,Male,4,BB-F4R06,double,True,2,0,True
hrm-0184,hblk-boys-b,Male,4,BB-F4R07,double,True,2,0,True
hrm-0185,hblk-boys-b,Male,4,BB-F4R08,double,True,2,0,True
hrm-0186,hblk-boys-b,Male,4,BB-F4R09,double,True,2,0,True
hrm-0187,hblk-boys-b,Male,4,BB-F4R10,double,True,2,0,True
hrm-0188,hblk-boys-b,Male,5,BB-F5R01,single,True,1,0,True
hrm-0189,hblk-boys-b,Male,5,BB-F5R02,single,True,1,0,True
hrm-0190,hblk-boys-b,Male,5,BB-F5R03,single,True,1,0,True
hrm-0191,hblk-boys-b,Male,5,BB-F5R04,single,True,1,0,True
hrm-0192,hblk-boys-b,Male,5,BB-F5R05,single,True,1,0,True
hrm-0193,hblk-boys-b,Male,5,BB-F5R06,single,True,1,0,True
hrm-0194,hblk-boys-b,Male,5,BB-F5R07,single,True,1,0,True
hrm-0195,hblk-boys-b,Male,5,BB-F5R08,single,True,1,0,True
hrm-0196,hblk-boys-b,Male,5,BB-F5R01,double,True,2,0,True
hrm-0197,hblk-boys-b,Male,5,BB-F5R02,double,True,2,0,True
hrm-0198,hblk-boys-b,Male,5,BB-F5R03,double,True,2,0,True
hrm-0199,hblk-boys-b,Male,5,BB-F5R04,double,True,2,0,True
hrm-0200,hblk-boys-b,Male,5,BB-F5R05,double,True,2,0,True
hrm-0201,hblk-boys-b,Male,5,BB-F5R06,double,True,2,0,True
hrm-0202,hblk-boys-b,Male,5,BB-F5R07,double,True,2,0,True
hrm-0203,hblk-boys-b,Male,5,BB-F5R08,double,True,2,0,True
hrm-0204,hblk-boys-b,Male,5,BB-F5R09,double,True,2,0,True
hrm-0205,hblk-boys-b,Male,5,BB-F5R10,double,True,2,0,True
hrm-0206,hblk-boys-b,Male,5,BB-DORM-01,dormitory,True,15,0,True
hrm-0207,hblk-boys-b,Male,5,BB-DORM-02,dormitory,True,15,0,True
hrm-0208,hblk-boys-ann,Male,1,BAX-F1R01,double,False,2,0,True
hrm-0209,hblk-boys-ann,Male,1,BAX-F1R02,double,False,2,0,True
hrm-0210,hblk-boys-ann,Male,1,BAX-F1R03,double,False,2,0,True
hrm-0211,hblk-boys-ann,Male,1,BAX-F1R04,double,False,2,0,True
hrm-0212,hblk-boys-ann,Male,1,BAX-F1R05,double,False,2,0,True
hrm-0213,hblk-boys-ann,Male,1,BAX-F1R06,double,False,2,0,True
hrm-0214,hblk-boys-ann,Male,1,BAX-F1R07,double,False,2,0,True
hrm-0215,hblk-boys-ann,Male,1,BAX-F1R08,double,False,2,0,True
hrm-0216,hblk-boys-ann,Male,1,BAX-F1R09,double,False,2,0,True
hrm-0217,hblk-boys-ann,Male,1,BAX-F1R10,double,False,2,0,True
hrm-0218,hblk-boys-ann,Male,1,BAX-F1R01,triple,False,3,0,True
hrm-0219,hblk-boys-ann,Male,1,BAX-F1R02,triple,False,3,0,True
hrm-0220,hblk-boys-ann,Male,1,BAX-F1R03,triple,False,3,0,True
hrm-0221,hblk-boys-ann,Male,1,BAX-F1R04,triple,False,3,0,True
hrm-0222,hblk-boys-ann,Male,1,BAX-F1R05,triple,False,3,0,True
hrm-0223,hblk-boys-ann,Male,1,BAX-F1R06,triple,False,3,0,True
hrm-0224,hblk-boys-ann,Male,1,BAX-F1R07,triple,False,3,0,True
hrm-0225,hblk-boys-ann,Male,1,BAX-F1R08,triple,False,3,0,True
hrm-0226,hblk-boys-ann,Male,1,BAX-F1R01,quadruple,False,4,0,True
hrm-0227,hblk-boys-ann,Male,1,BAX-F1R02,quadruple,False,4,0,True
hrm-0228,hblk-boys-ann,Male,1,BAX-F1R03,quadruple,False,4,0,True
hrm-0229,hblk-boys-ann,Male,1,BAX-F1R04,quadruple,False,4,0,True
hrm-0230,hblk-boys-ann,Male,2,BAX-F2R01,double,False,2,0,True
hrm-0231,hblk-boys-ann,Male,2,BAX-F2R02,double,False,2,0,True
hrm-0232,hblk-boys-ann,Male,2,BAX-F2R03,double,False,2,0,True
hrm-0233,hblk-boys-ann,Male,2,BAX-F2R04,double,False,2,0,True
hrm-0234,hblk-boys-ann,Male,2,BAX-F2R05,double,False,2,0,True
hrm-0235,hblk-boys-ann,Male,2,BAX-F2R06,double,False,2,0,True
hrm-0236,hblk-boys-ann,Male,2,BAX-F2R07,double,False,2,0,True
hrm-0237,hblk-boys-ann,Male,2,BAX-F2R08,double,False,2,0,True
hrm-0238,hblk-boys-ann,Male,2,BAX-F2R09,double,False,2,0,True
hrm-0239,hblk-boys-ann,Male,2,BAX-F2R10,double,False,2,0,True
hrm-0240,hblk-boys-ann,Male,2,BAX-F2R01,triple,False,3,0,True
hrm-0241,hblk-boys-ann,Male,2,BAX-F2R02,triple,False,3,0,True
hrm-0242,hblk-boys-ann,Male,2,BAX-F2R03,triple,False,3,0,True
hrm-0243,hblk-boys-ann,Male,2,BAX-F2R04,triple,False,3,0,True
hrm-0244,hblk-boys-ann,Male,2,BAX-F2R05,triple,False,3,0,True
hrm-0245,hblk-boys-ann,Male,2,BAX-F2R06,triple,False,3,0,True
hrm-0246,hblk-boys-ann,Male,2,BAX-F2R07,triple,False,3,0,True
hrm-0247,hblk-boys-ann,Male,2,BAX-F2R08,triple,False,3,0,True
hrm-0248,hblk-boys-ann,Male,2,BAX-F2R01,quadruple,False,4,0,True
hrm-0249,hblk-boys-ann,Male,2,BAX-F2R02,quadruple,False,4,0,True
hrm-0250,hblk-boys-ann,Male,2,BAX-F2R03,quadruple,False,4,0,True
hrm-0251,hblk-boys-ann,Male,2,BAX-F2R04,quadruple,False,4,0,True
hrm-0252,hblk-boys-ann,Male,3,BAX-F3R01,double,False,2,0,True
hrm-0253,hblk-boys-ann,Male,3,BAX-F3R02,double,False,2,0,True
hrm-0254,hblk-boys-ann,Male,3,BAX-F3R03,double,False,2,0,True
hrm-0255,hblk-boys-ann,Male,3,BAX-F3R04,double,False,2,0,True
hrm-0256,hblk-boys-ann,Male,3,BAX-F3R05,double,False,2,0,True
hrm-0257,hblk-boys-ann,Male,3,BAX-F3R06,double,False,2,0,True
hrm-0258,hblk-boys-ann,Male,3,BAX-F3R07,double,False,2,0,True
hrm-0259,hblk-boys-ann,Male,3,BAX-F3R08,double,False,2,0,True
hrm-0260,hblk-boys-ann,Male,3,BAX-F3R09,double,False,2,0,True
hrm-0261,hblk-boys-ann,Male,3,BAX-F3R10,double,False,2,0,True
hrm-0262,hblk-boys-ann,Male,3,BAX-F3R01,triple,False,3,0,True
hrm-0263,hblk-boys-ann,Male,3,BAX-F3R02,triple,False,3,0,True
hrm-0264,hblk-boys-ann,Male,3,BAX-F3R03,triple,False,3,0,True
hrm-0265,hblk-boys-ann,Male,3,BAX-F3R04,triple,False,3,0,True
hrm-0266,hblk-boys-ann,Male,3,BAX-F3R05,triple,False,3,0,True
hrm-0267,hblk-boys-ann,Male,3,BAX-F3R06,triple,False,3,0,True
hrm-0268,hblk-boys-ann,Male,3,BAX-F3R07,triple,False,3,0,True
hrm-0269,hblk-boys-ann,Male,3,BAX-F3R08,triple,False,3,0,True
hrm-0270,hblk-boys-ann,Male,3,BAX-F3R01,quadruple,False,4,0,True
hrm-0271,hblk-boys-ann,Male,3,BAX-F3R02,quadruple,False,4,0,True
hrm-0272,hblk-boys-ann,Male,3,BAX-F3R03,quadruple,False,4,0,True
hrm-0273,hblk-boys-ann,Male,3,BAX-F3R04,quadruple,False,4,0,True
hrm-0274,hblk-boys-ann,Male,4,BAX-F4R01,double,False,2,0,True
hrm-0275,hblk-boys-ann,Male,4,BAX-F4R02,double,False,2,0,True
hrm-0276,hblk-boys-ann,Male,4,BAX-F4R03,double,False,2,0,True
hrm-0277,hblk-boys-ann,Male,4,BAX-F4R04,double,False,2,0,True
hrm-0278,hblk-boys-ann,Male,4,BAX-F4R05,double,False,2,0,True
hrm-0279,hblk-boys-ann,Male,4,BAX-F4R06,double,False,2,0,True
hrm-0280,hblk-boys-ann,Male,4,BAX-F4R07,double,False,2,0,True
hrm-0281,hblk-boys-ann,Male,4,BAX-F4R08,double,False,2,0,True
hrm-0282,hblk-boys-ann,Male,4,BAX-F4R09,double,False,2,0,True
hrm-0283,hblk-boys-ann,Male,4,BAX-F4R10,double,False,2,0,True
hrm-0284,hblk-boys-ann,Male,4,BAX-F4R01,triple,False,3,0,True
hrm-0285,hblk-boys-ann,Male,4,BAX-F4R02,triple,False,3,0,True
hrm-0286,hblk-boys-ann,Male,4,BAX-F4R03,triple,False,3,0,True
hrm-0287,hblk-boys-ann,Male,4,BAX-F4R04,triple,False,3,0,True
hrm-0288,hblk-boys-ann,Male,4,BAX-F4R05,triple,False,3,0,True
hrm-0289,hblk-boys-ann,Male,4,BAX-F4R06,triple,False,3,0,True
hrm-0290,hblk-boys-ann,Male,4,BAX-F4R07,triple,False,3,0,True
hrm-0291,hblk-boys-ann,Male,4,BAX-F4R08,triple,False,3,0,True
hrm-0292,hblk-boys-ann,Male,4,BAX-F4R01,quadruple,False,4,0,True
hrm-0293,hblk-boys-ann,Male,4,BAX-F4R02,quadruple,False,4,0,True
hrm-0294,hblk-boys-ann,Male,4,BAX-F4R03,quadruple,False,4,0,True
hrm-0295,hblk-boys-ann,Male,4,BAX-F4R04,quadruple,False,4,0,True
hrm-0296,hblk-boys-ann,Male,4,BAX-DORM-01,dormitory,False,20,0,True
hrm-0297,hblk-boys-ann,Male,4,BAX-DORM-02,dormitory,False,20,0,True
hrm-0298,hblk-girls-c,Female,1,GC-F1R01,double,False,2,0,True
hrm-0299,hblk-girls-c,Female,1,GC-F1R02,double,False,2,0,True
hrm-0300,hblk-girls-c,Female,1,GC-F1R03,double,False,2,0,True
hrm-0301,hblk-girls-c,Female,1,GC-F1R04,double,False,2,0,True
hrm-0302,hblk-girls-c,Female,1,GC-F1R05,double,False,2,0,True
hrm-0303,hblk-girls-c,Female,1,GC-F1R06,double,False,2,0,True
hrm-0304,hblk-girls-c,Female,1,GC-F1R07,double,False,2,0,True
hrm-0305,hblk-girls-c,Female,1,GC-F1R08,double,False,2,0,True
hrm-0306,hblk-girls-c,Female,1,GC-F1R09,double,False,2,0,True
hrm-0307,hblk-girls-c,Female,1,GC-F1R10,double,False,2,0,True
hrm-0308,hblk-girls-c,Female,1,GC-F1R11,double,False,2,0,True
hrm-0309,hblk-girls-c,Female,1,GC-F1R12,double,False,2,0,True
hrm-0310,hblk-girls-c,Female,1,GC-F1R01,triple,False,3,0,True
hrm-0311,hblk-girls-c,Female,1,GC-F1R02,triple,False,3,0,True
hrm-0312,hblk-girls-c,Female,1,GC-F1R03,triple,False,3,0,True
hrm-0313,hblk-girls-c,Female,1,GC-F1R04,triple,False,3,0,True
hrm-0314,hblk-girls-c,Female,1,GC-F1R05,triple,False,3,0,True
hrm-0315,hblk-girls-c,Female,1,GC-F1R06,triple,False,3,0,True
hrm-0316,hblk-girls-c,Female,1,GC-F1R07,triple,False,3,0,True
hrm-0317,hblk-girls-c,Female,1,GC-F1R08,triple,False,3,0,True
hrm-0318,hblk-girls-c,Female,1,GC-F1R09,triple,False,3,0,True
hrm-0319,hblk-girls-c,Female,1,GC-F1R10,triple,False,3,0,True
hrm-0320,hblk-girls-c,Female,1,GC-F1R01,quadruple,False,4,0,True
hrm-0321,hblk-girls-c,Female,1,GC-F1R02,quadruple,False,4,0,True
hrm-0322,hblk-girls-c,Female,1,GC-F1R03,quadruple,False,4,0,True
hrm-0323,hblk-girls-c,Female,1,GC-F1R04,quadruple,False,4,0,True
hrm-0324,hblk-girls-c,Female,1,GC-F1R05,quadruple,False,4,0,True
hrm-0325,hblk-girls-c,Female,1,GC-F1R06,quadruple,False,4,0,True
hrm-0326,hblk-girls-c,Female,2,GC-F2R01,double,False,2,0,True
hrm-0327,hblk-girls-c,Female,2,GC-F2R02,double,False,2,0,True
hrm-0328,hblk-girls-c,Female,2,GC-F2R03,double,False,2,0,True
hrm-0329,hblk-girls-c,Female,2,GC-F2R04,double,False,2,0,True
hrm-0330,hblk-girls-c,Female,2,GC-F2R05,double,False,2,0,True
hrm-0331,hblk-girls-c,Female,2,GC-F2R06,double,False,2,0,True
hrm-0332,hblk-girls-c,Female,2,GC-F2R07,double,False,2,0,True
hrm-0333,hblk-girls-c,Female,2,GC-F2R08,double,False,2,0,True
hrm-0334,hblk-girls-c,Female,2,GC-F2R09,double,False,2,0,True
hrm-0335,hblk-girls-c,Female,2,GC-F2R10,double,False,2,0,True
hrm-0336,hblk-girls-c,Female,2,GC-F2R11,double,False,2,0,True
hrm-0337,hblk-girls-c,Female,2,GC-F2R12,double,False,2,0,True
hrm-0338,hblk-girls-c,Female,2,GC-F2R01,triple,False,3,0,True
hrm-0339,hblk-girls-c,Female,2,GC-F2R02,triple,False,3,0,True
hrm-0340,hblk-girls-c,Female,2,GC-F2R03,triple,False,3,0,True
hrm-0341,hblk-girls-c,Female,2,GC-F2R04,triple,False,3,0,True
hrm-0342,hblk-girls-c,Female,2,GC-F2R05,triple,False,3,0,True
hrm-0343,hblk-girls-c,Female,2,GC-F2R06,triple,False,3,0,True
hrm-0344,hblk-girls-c,Female,2,GC-F2R07,triple,False,3,0,True
hrm-0345,hblk-girls-c,Female,2,GC-F2R08,triple,False,3,0,True
hrm-0346,hblk-girls-c,Female,2,GC-F2R09,triple,False,3,0,True
hrm-0347,hblk-girls-c,Female,2,GC-F2R10,triple,False,3,0,True
hrm-0348,hblk-girls-c,Female,2,GC-F2R01,quadruple,False,4,0,True
hrm-0349,hblk-girls-c,Female,2,GC-F2R02,quadruple,False,4,0,True
hrm-0350,hblk-girls-c,Female,2,GC-F2R03,quadruple,False,4,0,True
hrm-0351,hblk-girls-c,Female,2,GC-F2R04,quadruple,False,4,0,True
hrm-0352,hblk-girls-c,Female,2,GC-F2R05,quadruple,False,4,0,True
hrm-0353,hblk-girls-c,Female,2,GC-F2R06,quadruple,False,4,0,True
hrm-0354,hblk-girls-c,Female,3,GC-F3R01,double,False,2,0,True
hrm-0355,hblk-girls-c,Female,3,GC-F3R02,double,False,2,0,True
hrm-0356,hblk-girls-c,Female,3,GC-F3R03,double,False,2,0,True
hrm-0357,hblk-girls-c,Female,3,GC-F3R04,double,False,2,0,True
hrm-0358,hblk-girls-c,Female,3,GC-F3R05,double,False,2,0,True
hrm-0359,hblk-girls-c,Female,3,GC-F3R06,double,False,2,0,True
hrm-0360,hblk-girls-c,Female,3,GC-F3R07,double,False,2,0,True
hrm-0361,hblk-girls-c,Female,3,GC-F3R08,double,False,2,0,True
hrm-0362,hblk-girls-c,Female,3,GC-F3R09,double,False,2,0,True
hrm-0363,hblk-girls-c,Female,3,GC-F3R10,double,False,2,0,True
hrm-0364,hblk-girls-c,Female,3,GC-F3R11,double,False,2,0,True
hrm-0365,hblk-girls-c,Female,3,GC-F3R12,double,False,2,0,True
hrm-0366,hblk-girls-c,Female,3,GC-F3R01,triple,False,3,0,True
hrm-0367,hblk-girls-c,Female,3,GC-F3R02,triple,False,3,0,True
hrm-0368,hblk-girls-c,Female,3,GC-F3R03,triple,False,3,0,True
hrm-0369,hblk-girls-c,Female,3,GC-F3R04,triple,False,3,0,True
hrm-0370,hblk-girls-c,Female,3,GC-F3R05,triple,False,3,0,True
hrm-0371,hblk-girls-c,Female,3,GC-F3R06,triple,False,3,0,True
hrm-0372,hblk-girls-c,Female,3,GC-F3R07,triple,False,3,0,True
hrm-0373,hblk-girls-c,Female,3,GC-F3R08,triple,False,3,0,True
hrm-0374,hblk-girls-c,Female,3,GC-F3R09,triple,False,3,0,True
hrm-0375,hblk-girls-c,Female,3,GC-F3R10,triple,False,3,0,True
hrm-0376,hblk-girls-c,Female,3,GC-F3R01,quadruple,False,4,0,True
hrm-0377,hblk-girls-c,Female,3,GC-F3R02,quadruple,False,4,0,True
hrm-0378,hblk-girls-c,Female,3,GC-F3R03,quadruple,False,4,0,True
hrm-0379,hblk-girls-c,Female,3,GC-F3R04,quadruple,False,4,0,True
hrm-0380,hblk-girls-c,Female,3,GC-F3R05,quadruple,False,4,0,True
hrm-0381,hblk-girls-c,Female,3,GC-F3R06,quadruple,False,4,0,True
hrm-0382,hblk-girls-c,Female,4,GC-F4R01,double,False,2,0,True
hrm-0383,hblk-girls-c,Female,4,GC-F4R02,double,False,2,0,True
hrm-0384,hblk-girls-c,Female,4,GC-F4R03,double,False,2,0,True
hrm-0385,hblk-girls-c,Female,4,GC-F4R04,double,False,2,0,True
hrm-0386,hblk-girls-c,Female,4,GC-F4R05,double,False,2,0,True
hrm-0387,hblk-girls-c,Female,4,GC-F4R06,double,False,2,0,True
hrm-0388,hblk-girls-c,Female,4,GC-F4R07,double,False,2,0,True
hrm-0389,hblk-girls-c,Female,4,GC-F4R08,double,False,2,0,True
hrm-0390,hblk-girls-c,Female,4,GC-F4R09,double,False,2,0,True
hrm-0391,hblk-girls-c,Female,4,GC-F4R10,double,False,2,0,True
hrm-0392,hblk-girls-c,Female,4,GC-F4R11,double,False,2,0,True
hrm-0393,hblk-girls-c,Female,4,GC-F4R12,double,False,2,0,True
hrm-0394,hblk-girls-c,Female,4,GC-F4R01,triple,False,3,0,True
hrm-0395,hblk-girls-c,Female,4,GC-F4R02,triple,False,3,0,True
hrm-0396,hblk-girls-c,Female,4,GC-F4R03,triple,False,3,0,True
hrm-0397,hblk-girls-c,Female,4,GC-F4R04,triple,False,3,0,True
hrm-0398,hblk-girls-c,Female,4,GC-F4R05,triple,False,3,0,True
hrm-0399,hblk-girls-c,Female,4,GC-F4R06,triple,False,3,0,True
hrm-0400,hblk-girls-c,Female,4,GC-F4R07,triple,False,3,0,True
hrm-0401,hblk-girls-c,Female,4,GC-F4R08,triple,False,3,0,True
hrm-0402,hblk-girls-c,Female,4,GC-F4R09,triple,False,3,0,True
hrm-0403,hblk-girls-c,Female,4,GC-F4R10,triple,False,3,0,True
hrm-0404,hblk-girls-c,Female,4,GC-F4R01,quadruple,False,4,0,True
hrm-0405,hblk-girls-c,Female,4,GC-F4R02,quadruple,False,4,0,True
hrm-0406,hblk-girls-c,Female,4,GC-F4R03,quadruple,False,4,0,True
hrm-0407,hblk-girls-c,Female,4,GC-F4R04,quadruple,False,4,0,True
hrm-0408,hblk-girls-c,Female,4,GC-F4R05,quadruple,False,4,0,True
hrm-0409,hblk-girls-c,Female,4,GC-F4R06,quadruple,False,4,0,True
hrm-0410,hblk-girls-c,Female,5,GC-DORM-01,dormitory,False,20,0,True
hrm-0411,hblk-girls-c,Female,5,GC-DORM-02,dormitory,False,20,0,True
hrm-0412,hblk-girls-c,Female,5,GC-DORM-03,dormitory,False,20,0,True
hrm-0413,hblk-girls-d,Female,1,GD-F1R01,double,False,2,0,True
hrm-0414,hblk-girls-d,Female,1,GD-F1R02,double,False,2,0,True
hrm-0415,hblk-girls-d,Female,1,GD-F1R03,double,False,2,0,True
hrm-0416,hblk-girls-d,Female,1,GD-F1R04,double,False,2,0,True
hrm-0417,hblk-girls-d,Female,1,GD-F1R05,double,False,2,0,True
hrm-0418,hblk-girls-d,Female,1,GD-F1R06,double,False,2,0,True
hrm-0419,hblk-girls-d,Female,1,GD-F1R07,double,False,2,0,True
hrm-0420,hblk-girls-d,Female,1,GD-F1R08,double,False,2,0,True
hrm-0421,hblk-girls-d,Female,1,GD-F1R09,double,False,2,0,True
hrm-0422,hblk-girls-d,Female,1,GD-F1R10,double,False,2,0,True
hrm-0423,hblk-girls-d,Female,1,GD-F1R01,triple,False,3,0,True
hrm-0424,hblk-girls-d,Female,1,GD-F1R02,triple,False,3,0,True
hrm-0425,hblk-girls-d,Female,1,GD-F1R03,triple,False,3,0,True
hrm-0426,hblk-girls-d,Female,1,GD-F1R04,triple,False,3,0,True
hrm-0427,hblk-girls-d,Female,1,GD-F1R05,triple,False,3,0,True
hrm-0428,hblk-girls-d,Female,1,GD-F1R06,triple,False,3,0,True
hrm-0429,hblk-girls-d,Female,1,GD-F1R07,triple,False,3,0,True
hrm-0430,hblk-girls-d,Female,1,GD-F1R08,triple,False,3,0,True
hrm-0431,hblk-girls-d,Female,2,GD-F2R01,double,False,2,0,True
hrm-0432,hblk-girls-d,Female,2,GD-F2R02,double,False,2,0,True
hrm-0433,hblk-girls-d,Female,2,GD-F2R03,double,False,2,0,True
hrm-0434,hblk-girls-d,Female,2,GD-F2R04,double,False,2,0,True
hrm-0435,hblk-girls-d,Female,2,GD-F2R05,double,False,2,0,True
hrm-0436,hblk-girls-d,Female,2,GD-F2R06,double,False,2,0,True
hrm-0437,hblk-girls-d,Female,2,GD-F2R07,double,False,2,0,True
hrm-0438,hblk-girls-d,Female,2,GD-F2R08,double,False,2,0,True
hrm-0439,hblk-girls-d,Female,2,GD-F2R09,double,False,2,0,True
hrm-0440,hblk-girls-d,Female,2,GD-F2R10,double,False,2,0,True
hrm-0441,hblk-girls-d,Female,2,GD-F2R01,triple,False,3,0,True
hrm-0442,hblk-girls-d,Female,2,GD-F2R02,triple,False,3,0,True
hrm-0443,hblk-girls-d,Female,2,GD-F2R03,triple,False,3,0,True
hrm-0444,hblk-girls-d,Female,2,GD-F2R04,triple,False,3,0,True
hrm-0445,hblk-girls-d,Female,2,GD-F2R05,triple,False,3,0,True
hrm-0446,hblk-girls-d,Female,2,GD-F2R06,triple,False,3,0,True
hrm-0447,hblk-girls-d,Female,2,GD-F2R07,triple,False,3,0,True
hrm-0448,hblk-girls-d,Female,2,GD-F2R08,triple,False,3,0,True
hrm-0449,hblk-girls-d,Female,3,GD-F3R01,single,True,1,0,True
hrm-0450,hblk-girls-d,Female,3,GD-F3R02,single,True,1,0,True
hrm-0451,hblk-girls-d,Female,3,GD-F3R03,single,True,1,0,True
hrm-0452,hblk-girls-d,Female,3,GD-F3R04,single,True,1,0,True
hrm-0453,hblk-girls-d,Female,3,GD-F3R05,single,True,1,0,True
hrm-0454,hblk-girls-d,Female,3,GD-F3R06,single,True,1,0,True
hrm-0455,hblk-girls-d,Female,3,GD-F3R07,single,True,1,0,True
hrm-0456,hblk-girls-d,Female,3,GD-F3R08,single,True,1,0,True
hrm-0457,hblk-girls-d,Female,3,GD-F3R01,double,True,2,0,True
hrm-0458,hblk-girls-d,Female,3,GD-F3R02,double,True,2,0,True
hrm-0459,hblk-girls-d,Female,3,GD-F3R03,double,True,2,0,True
hrm-0460,hblk-girls-d,Female,3,GD-F3R04,double,True,2,0,True
hrm-0461,hblk-girls-d,Female,3,GD-F3R05,double,True,2,0,True
hrm-0462,hblk-girls-d,Female,3,GD-F3R06,double,True,2,0,True
hrm-0463,hblk-girls-d,Female,3,GD-F3R07,double,True,2,0,True
hrm-0464,hblk-girls-d,Female,3,GD-F3R08,double,True,2,0,True
hrm-0465,hblk-girls-d,Female,3,GD-F3R09,double,True,2,0,True
hrm-0466,hblk-girls-d,Female,3,GD-F3R10,double,True,2,0,True
hrm-0467,hblk-girls-d,Female,4,GD-F4R01,single,True,1,0,True
hrm-0468,hblk-girls-d,Female,4,GD-F4R02,single,True,1,0,True
hrm-0469,hblk-girls-d,Female,4,GD-F4R03,single,True,1,0,True
hrm-0470,hblk-girls-d,Female,4,GD-F4R04,single,True,1,0,True
hrm-0471,hblk-girls-d,Female,4,GD-F4R05,single,True,1,0,True
hrm-0472,hblk-girls-d,Female,4,GD-F4R06,single,True,1,0,True
hrm-0473,hblk-girls-d,Female,4,GD-F4R07,single,True,1,0,True
hrm-0474,hblk-girls-d,Female,4,GD-F4R08,single,True,1,0,True
hrm-0475,hblk-girls-d,Female,4,GD-F4R01,double,True,2,0,True
hrm-0476,hblk-girls-d,Female,4,GD-F4R02,double,True,2,0,True
hrm-0477,hblk-girls-d,Female,4,GD-F4R03,double,True,2,0,True
hrm-0478,hblk-girls-d,Female,4,GD-F4R04,double,True,2,0,True
hrm-0479,hblk-girls-d,Female,4,GD-F4R05,double,True,2,0,True
hrm-0480,hblk-girls-d,Female,4,GD-F4R06,double,True,2,0,True
hrm-0481,hblk-girls-d,Female,4,GD-F4R07,double,True,2,0,True
hrm-0482,hblk-girls-d,Female,4,GD-F4R08,double,True,2,0,True
hrm-0483,hblk-girls-d,Female,4,GD-F4R09,double,True,2,0,True
hrm-0484,hblk-girls-d,Female,4,GD-F4R10,double,True,2,0,True
hrm-0485,hblk-girls-d,Female,5,GD-F5R01,single,True,1,0,True
hrm-0486,hblk-girls-d,Female,5,GD-F5R02,single,True,1,0,True
hrm-0487,hblk-girls-d,Female,5,GD-F5R03,single,True,1,0,True
hrm-0488,hblk-girls-d,Female,5,GD-F5R04,single,True,1,0,True
hrm-0489,hblk-girls-d,Female,5,GD-F5R05,single,True,1,0,True
hrm-0490,hblk-girls-d,Female,5,GD-F5R06,single,True,1,0,True
hrm-0491,hblk-girls-d,Female,5,GD-F5R07,single,True,1,0,True
hrm-0492,hblk-girls-d,Female,5,GD-F5R08,single,True,1,0,True
hrm-0493,hblk-girls-d,Female,5,GD-F5R01,double,True,2,0,True
hrm-0494,hblk-girls-d,Female,5,GD-F5R02,double,True,2,0,True
hrm-0495,hblk-girls-d,Female,5,GD-F5R03,double,True,2,0,True
hrm-0496,hblk-girls-d,Female,5,GD-F5R04,double,True,2,0,True
hrm-0497,hblk-girls-d,Female,5,GD-F5R05,double,True,2,0,True
hrm-0498,hblk-girls-d,Female,5,GD-F5R06,double,True,2,0,True
hrm-0499,hblk-girls-d,Female,5,GD-F5R07,double,True,2,0,True
hrm-0500,hblk-girls-d,Female,5,GD-F5R08,double,True,2,0,True
hrm-0501,hblk-girls-d,Female,5,GD-F5R09,double,True,2,0,True
hrm-0502,hblk-girls-d,Female,5,GD-F5R10,double,True,2,0,True
hrm-0503,hblk-girls-d,Female,5,GD-DORM-01,dormitory,True,15,0,True
hrm-0504,hblk-girls-d,Female,5,GD-DORM-02,dormitory,True,15,0,True
hrm-0505,hblk-girls-ann,Female,1,GAX-F1R01,double,False,2,0,True
hrm-0506,hblk-girls-ann,Female,1,GAX-F1R02,double,False,2,0,True
hrm-0507,hblk-girls-ann,Female,1,GAX-F1R03,double,False,2,0,True
hrm-0508,hblk-girls-ann,Female,1,GAX-F1R04,double,False,2,0,True
hrm-0509,hblk-girls-ann,Female,1,GAX-F1R05,double,False,2,0,True
hrm-0510,hblk-girls-ann,Female,1,GAX-F1R06,double,False,2,0,True
hrm-0511,hblk-girls-ann,Female,1,GAX-F1R07,double,False,2,0,True
hrm-0512,hblk-girls-ann,Female,1,GAX-F1R08,double,False,2,0,True
hrm-0513,hblk-girls-ann,Female,1,GAX-F1R09,double,False,2,0,True
hrm-0514,hblk-girls-ann,Female,1,GAX-F1R10,double,False,2,0,True
hrm-0515,hblk-girls-ann,Female,1,GAX-F1R01,triple,False,3,0,True
hrm-0516,hblk-girls-ann,Female,1,GAX-F1R02,triple,False,3,0,True
hrm-0517,hblk-girls-ann,Female,1,GAX-F1R03,triple,False,3,0,True
hrm-0518,hblk-girls-ann,Female,1,GAX-F1R04,triple,False,3,0,True
hrm-0519,hblk-girls-ann,Female,1,GAX-F1R05,triple,False,3,0,True
hrm-0520,hblk-girls-ann,Female,1,GAX-F1R06,triple,False,3,0,True
hrm-0521,hblk-girls-ann,Female,1,GAX-F1R07,triple,False,3,0,True
hrm-0522,hblk-girls-ann,Female,1,GAX-F1R08,triple,False,3,0,True
hrm-0523,hblk-girls-ann,Female,1,GAX-F1R01,quadruple,False,4,0,True
hrm-0524,hblk-girls-ann,Female,1,GAX-F1R02,quadruple,False,4,0,True
hrm-0525,hblk-girls-ann,Female,1,GAX-F1R03,quadruple,False,4,0,True
hrm-0526,hblk-girls-ann,Female,1,GAX-F1R04,quadruple,False,4,0,True
hrm-0527,hblk-girls-ann,Female,2,GAX-F2R01,double,False,2,0,True
hrm-0528,hblk-girls-ann,Female,2,GAX-F2R02,double,False,2,0,True
hrm-0529,hblk-girls-ann,Female,2,GAX-F2R03,double,False,2,0,True
hrm-0530,hblk-girls-ann,Female,2,GAX-F2R04,double,False,2,0,True
hrm-0531,hblk-girls-ann,Female,2,GAX-F2R05,double,False,2,0,True
hrm-0532,hblk-girls-ann,Female,2,GAX-F2R06,double,False,2,0,True
hrm-0533,hblk-girls-ann,Female,2,GAX-F2R07,double,False,2,0,True
hrm-0534,hblk-girls-ann,Female,2,GAX-F2R08,double,False,2,0,True
hrm-0535,hblk-girls-ann,Female,2,GAX-F2R09,double,False,2,0,True
hrm-0536,hblk-girls-ann,Female,2,GAX-F2R10,double,False,2,0,True
hrm-0537,hblk-girls-ann,Female,2,GAX-F2R01,triple,False,3,0,True
hrm-0538,hblk-girls-ann,Female,2,GAX-F2R02,triple,False,3,0,True
hrm-0539,hblk-girls-ann,Female,2,GAX-F2R03,triple,False,3,0,True
hrm-0540,hblk-girls-ann,Female,2,GAX-F2R04,triple,False,3,0,True
hrm-0541,hblk-girls-ann,Female,2,GAX-F2R05,triple,False,3,0,True
hrm-0542,hblk-girls-ann,Female,2,GAX-F2R06,triple,False,3,0,True
hrm-0543,hblk-girls-ann,Female,2,GAX-F2R07,triple,False,3,0,True
hrm-0544,hblk-girls-ann,Female,2,GAX-F2R08,triple,False,3,0,True
hrm-0545,hblk-girls-ann,Female,2,GAX-F2R01,quadruple,False,4,0,True
hrm-0546,hblk-girls-ann,Female,2,GAX-F2R02,quadruple,False,4,0,True
hrm-0547,hblk-girls-ann,Female,2,GAX-F2R03,quadruple,False,4,0,True
hrm-0548,hblk-girls-ann,Female,2,GAX-F2R04,quadruple,False,4,0,True
hrm-0549,hblk-girls-ann,Female,3,GAX-F3R01,double,False,2,0,True
hrm-0550,hblk-girls-ann,Female,3,GAX-F3R02,double,False,2,0,True
hrm-0551,hblk-girls-ann,Female,3,GAX-F3R03,double,False,2,0,True
hrm-0552,hblk-girls-ann,Female,3,GAX-F3R04,double,False,2,0,True
hrm-0553,hblk-girls-ann,Female,3,GAX-F3R05,double,False,2,0,True
hrm-0554,hblk-girls-ann,Female,3,GAX-F3R06,double,False,2,0,True
hrm-0555,hblk-girls-ann,Female,3,GAX-F3R07,double,False,2,0,True
hrm-0556,hblk-girls-ann,Female,3,GAX-F3R08,double,False,2,0,True
hrm-0557,hblk-girls-ann,Female,3,GAX-F3R09,double,False,2,0,True
hrm-0558,hblk-girls-ann,Female,3,GAX-F3R10,double,False,2,0,True
hrm-0559,hblk-girls-ann,Female,3,GAX-F3R01,triple,False,3,0,True
hrm-0560,hblk-girls-ann,Female,3,GAX-F3R02,triple,False,3,0,True
hrm-0561,hblk-girls-ann,Female,3,GAX-F3R03,triple,False,3,0,True
hrm-0562,hblk-girls-ann,Female,3,GAX-F3R04,triple,False,3,0,True
hrm-0563,hblk-girls-ann,Female,3,GAX-F3R05,triple,False,3,0,True
hrm-0564,hblk-girls-ann,Female,3,GAX-F3R06,triple,False,3,0,True
hrm-0565,hblk-girls-ann,Female,3,GAX-F3R07,triple,False,3,0,True
hrm-0566,hblk-girls-ann,Female,3,GAX-F3R08,triple,False,3,0,True
hrm-0567,hblk-girls-ann,Female,3,GAX-F3R01,quadruple,False,4,0,True
hrm-0568,hblk-girls-ann,Female,3,GAX-F3R02,quadruple,False,4,0,True
hrm-0569,hblk-girls-ann,Female,3,GAX-F3R03,quadruple,False,4,0,True
hrm-0570,hblk-girls-ann,Female,3,GAX-F3R04,quadruple,False,4,0,True
hrm-0571,hblk-girls-ann,Female,4,GAX-F4R01,double,False,2,0,True
hrm-0572,hblk-girls-ann,Female,4,GAX-F4R02,double,False,2,0,True
hrm-0573,hblk-girls-ann,Female,4,GAX-F4R03,double,False,2,0,True
hrm-0574,hblk-girls-ann,Female,4,GAX-F4R04,double,False,2,0,True
hrm-0575,hblk-girls-ann,Female,4,GAX-F4R05,double,False,2,0,True
hrm-0576,hblk-girls-ann,Female,4,GAX-F4R06,double,False,2,0,True
hrm-0577,hblk-girls-ann,Female,4,GAX-F4R07,double,False,2,0,True
hrm-0578,hblk-girls-ann,Female,4,GAX-F4R08,double,False,2,0,True
hrm-0579,hblk-girls-ann,Female,4,GAX-F4R09,double,False,2,0,True
hrm-0580,hblk-girls-ann,Female,4,GAX-F4R10,double,False,2,0,True
hrm-0581,hblk-girls-ann,Female,4,GAX-F4R01,triple,False,3,0,True
hrm-0582,hblk-girls-ann,Female,4,GAX-F4R02,triple,False,3,0,True
hrm-0583,hblk-girls-ann,Female,4,GAX-F4R03,triple,False,3,0,True
hrm-0584,hblk-girls-ann,Female,4,GAX-F4R04,triple,False,3,0,True
hrm-0585,hblk-girls-ann,Female,4,GAX-F4R05,triple,False,3,0,True
hrm-0586,hblk-girls-ann,Female,4,GAX-F4R06,triple,False,3,0,True
hrm-0587,hblk-girls-ann,Female,4,GAX-F4R07,triple,False,3,0,True
hrm-0588,hblk-girls-ann,Female,4,GAX-F4R08,triple,False,3,0,True
hrm-0589,hblk-girls-ann,Female,4,GAX-F4R01,quadruple,False,4,0,True
hrm-0590,hblk-girls-ann,Female,4,GAX-F4R02,quadruple,False,4,0,True
hrm-0591,hblk-girls-ann,Female,4,GAX-F4R03,quadruple,False,4,0,True
hrm-0592,hblk-girls-ann,Female,4,GAX-F4R04,quadruple,False,4,0,True
hrm-0593,hblk-girls-ann,Female,4,GAX-DORM-01,dormitory,False,20,0,True
hrm-0594,hblk-girls-ann,Female,4,GAX-DORM-02,dormitory,False,20,0,True
