id,name,gender,date_of_birth,phone,email,address,designation,dept_id,dept_code,role_tag,is_teaching,joining_date,experience_years,qualification,pg_qualification,specialization,university,employee_status,basic_salary,da,hra,ta,gross_salary,pf_deduction,esi_deduction,net_salary
STF-0001,Mahesh Babu Rao,Male,1974-04-05,9896233790,mahesh.babu.rao.0001@aits.acadmix.org,"Flat 241, Bachupally, Hyderabad, Telangana",Chairman / Director,dept-admin,ADMIN,director,False,2008-04-24,18,M.S,B.Tech,Computer Science & Engineering,IIT Kharagpur,Active,200000,84000,40000,5000,329000,24000,0,305000
STF-0002,Phani Kumar Kumar,Male,1990-09-01,9131994523,phani.kumar.kumar.0002@aits.acadmix.org,"Flat 148, KPHB, Hyderabad, Telangana",Principal,dept-admin,ADMIN,principal,True,2011-04-22,15,M.S,B.Tech,Artificial Intelligence,IIT Hyderabad,Active,150000,63000,30000,4000,247000,18000,0,229000
STF-0003,Savitha Raghavan,Female,1977-11-20,9797808098,savitha.raghavan.0003@aits.acadmix.org,"Flat 460, Ameerpet, Hyderabad, Telangana",Vice Principal,dept-admin,ADMIN,vice_principal,True,2014-05-09,12,M.Tech,B.Tech,Computer Networks,NIT Warangal,Active,120000,50400,21600,3500,195500,14400,0,181100
STF-0004,Siva Kumar Natarajan,Male,1977-08-28,9553778756,siva.kumar.nataraj.0004@aits.acadmix.org,"Flat 275, Nizampet, Hyderabad, Telangana",Dean Academics,dept-admin,ADMIN,dean,True,2011-11-15,15,M.Tech,B.Tech,Data Science,JNTUH,Active,110000,46200,19800,3000,179000,13200,0,165800
STF-0005,Divya Varma,Female,1969-12-12,9485451171,divya.varma.0005@aits.acadmix.org,"Flat 277, Begumpet, Hyderabad, Telangana",Dean Student Affairs,dept-admin,ADMIN,dean,True,2013-06-25,13,M.E,B.Tech,Computer Networks,JNTUH,Active,110000,46200,19800,3000,179000,13200,0,165800
STF-0006,Venkateswara Rao Kaur,Male,1993-11-24,9414797776,venkateswara.rao.k.0006@aits.acadmix.org,"Flat 422, Begumpet, Hyderabad, Telangana",Professor & HOD,dept-cse,CSE,hod,True,2013-01-21,13,M.Tech,B.Tech,Software Engineering,IIT Kharagpur,Active,95000,39900,15200,2500,152600,11400,0,141200
STF-0007,Prudhvi Raj Chowdary,Male,1988-05-03,9349957310,prudhvi.raj.chowda.0007@aits.acadmix.org,"Flat 152, Uppal, Hyderabad, Telangana",Professor,dept-cse,CSE,faculty,True,2012-02-13,14,Ph.D,M.E,Data Science,JNTUA,Active,85000,35700,13600,2500,136800,10200,0,126600
STF-0008,Tirupathi Rao Natarajan,Male,1975-09-04,9833953718,tirupathi.rao.nata.0008@aits.acadmix.org,"Flat 432, Alwal, Hyderabad, Telangana",Professor,dept-cse,CSE,faculty,True,2015-11-01,11,Ph.D,M.Tech,Artificial Intelligence,Andhra University,Active,85000,35700,13600,2500,136800,10200,0,126600
STF-0009,Tirupathi Rao Subramaniam,Male,1982-07-19,9838908273,tirupathi.rao.subr.0009@aits.acadmix.org,"Flat 386, Bachupally, Hyderabad, Telangana",Professor,dept-cse,CSE,faculty,True,2016-09-05,10,Ph.D,M.Tech,Computer Science & Engineering,Andhra University,Active,85000,35700,13600,2500,136800,10200,0,126600
STF-0010,Naga Raju Yadav,Male,1982-02-11,9171069472,naga.raju.yadav.0010@aits.acadmix.org,"Flat 209, Masab Tank, Hyderabad, Telangana",Associate Professor,dept-cse,CSE,faculty,True,2018-05-12,8,Ph.D,M.E,Software Engineering,University of Pune,Active,70000,29400,9800,2000,111200,8400,0,102800
STF-0011,Srinath Babu,Male,1993-03-07,9384412919,srinath.babu.0011@aits.acadmix.org,"Flat 172, Bachupally, Hyderabad, Telangana",Associate Professor,dept-cse,CSE,faculty,True,2020-05-09,6,Ph.D,M.S,Artificial Intelligence,NIT Warangal,Active,70000,29400,9800,2000,111200,8400,0,102800
STF-0012,Ranjith Kumar Hegde,Male,1990-02-19,9488690725,ranjith.kumar.hegd.0012@aits.acadmix.org,"Flat 213, Miyapur, Hyderabad, Telangana",Associate Professor,dept-cse,CSE,faculty,True,2017-09-18,9,Ph.D,M.Tech,Computer Science & Engineering,IIT Madras,Active,70000,29400,9800,2000,111200,8400,0,102800
STF-0013,Sunitha Ganesh,Female,1985-02-12,9553290810,sunitha.ganesh.0013@aits.acadmix.org,"Flat 406, Alwal, Hyderabad, Telangana",Associate Professor,dept-cse,CSE,faculty,True,2016-04-25,10,Ph.D,M.S,Artificial Intelligence,Jawaharlal Nehru University,Active,70000,29400,9800,2000,111200,8400,0,102800
STF-0014,Haritha Reddy,Female,1992-02-01,9830448745,haritha.reddy.0014@aits.acadmix.org,"Flat 470, Medchal, Hyderabad, Telangana",Associate Professor,dept-cse,CSE,faculty,True,2019-08-24,7,Ph.D,M.Tech,Data Science,University of Hyderabad,Active,70000,29400,9800,2000,111200,8400,0,102800
STF-0015,Sunitha Joshi,Female,1979-10-25,9103484630,sunitha.joshi.0015@aits.acadmix.org,"Flat 470, Mehdipatnam, Hyderabad, Telangana",Associate Professor,dept-cse,CSE,faculty,True,2020-01-26,6,Ph.D,M.S,Artificial Intelligence,JNTUA,Active,70000,29400,9800,2000,111200,8400,0,102800
STF-0016,Nanda Kishore Subramaniam,Male,1984-10-09,9645098869,nanda.kishore.subr.0016@aits.acadmix.org,"Flat 412, KPHB, Hyderabad, Telangana",Assistant Professor,dept-cse,CSE,faculty,True,2017-09-18,9,M.Tech,B.Tech,Software Engineering,Manipal University,Active,50000,21000,6000,1500,78500,6000,0,72500
STF-0017,Aditya Kumar Rao,Male,1978-09-28,9220117054,aditya.kumar.rao.0017@aits.acadmix.org,"Flat 286, Mehdipatnam, Hyderabad, Telangana",Assistant Professor,dept-cse,CSE,faculty,True,2019-06-13,7,M.S,B.Tech,Computer Science & Engineering,Andhra University,Active,50000,21000,6000,1500,78500,6000,0,72500
STF-0018,Venkateswara Rao Anand,Male,1973-08-22,9621828280,venkateswara.rao.a.0018@aits.acadmix.org,"Flat 136, Kondapur, Hyderabad, Telangana",Assistant Professor,dept-cse,CSE,faculty,True,2021-12-21,5,M.S,B.Tech,Software Engineering,University of Pune,Active,50000,21000,6000,1500,78500,6000,0,72500
STF-0019,Hema Latha Kapoor,Female,1977-01-08,9554340903,hema.latha.kapoor.0019@aits.acadmix.org,"Flat 209, Masab Tank, Hyderabad, Telangana",Assistant Professor,dept-cse,CSE,faculty,True,2022-01-17,4,M.S,B.Tech,Data Science,VIT Vellore,Active,50000,21000,6000,1500,78500,6000,0,72500
STF-0020,Gopal Krishna Pandey,Male,1970-11-15,9584779555,gopal.krishna.pand.0020@aits.acadmix.org,"Flat 162, Bachupally, Hyderabad, Telangana",Assistant Professor,dept-cse,CSE,faculty,True,2018-07-09,8,M.S,B.Tech,Data Science,IIT Hyderabad,Active,50000,21000,6000,1500,78500,6000,0,72500
STF-0021,Srikanth Reddy,Male,1978-04-08,9176228245,srikanth.reddy.0021@aits.acadmix.org,"Flat 463, Banjara Hills, Hyderabad, Telangana",Assistant Professor,dept-cse,CSE,faculty,True,2016-08-29,10,M.E,B.Tech,Computer Science & Engineering,IIT Madras,Active,50000,21000,6000,1500,78500,6000,0,72500
STF-0022,Nirmala Yadav,Female,1973-12-07,9818309417,nirmala.yadav.0022@aits.acadmix.org,"Flat 349, KPHB, Hyderabad, Telangana",Assistant Professor,dept-cse,CSE,faculty,True,2022-01-17,4,M.Tech,B.Tech,Artificial Intelligence,University of Pune,Active,50000,21000,6000,1500,78500,6000,0,72500
STF-0023,Sudhakar Pillai,Male,1983-11-22,9201281557,sudhakar.pillai.0023@aits.acadmix.org,"Flat 150, Jubilee Hills, Hyderabad, Telangana",Assistant Professor,dept-cse,CSE,faculty,True,2020-10-31,6,M.E,B.Tech,Computer Networks,Anna University,Active,50000,21000,6000,1500,78500,6000,0,72500
STF-0024,Hari Babu Ganesh,Male,1986-01-22,9801642483,hari.babu.ganesh.0024@aits.acadmix.org,"Flat 431, Medchal, Hyderabad, Telangana",Assistant Professor,dept-cse,CSE,faculty,True,2016-09-05,10,M.Tech,B.Tech,Data Science,JNTUH,Active,50000,21000,6000,1500,78500,6000,0,72500
STF-0025,Saranya Agarwal,Female,1988-10-01,9250519597,saranya.agarwal.0025@aits.acadmix.org,"Flat 317, Kukatpally, Hyderabad, Telangana",Assistant Professor,dept-cse,CSE,faculty,True,2019-02-14,7,M.E,B.Tech,Software Engineering,IIT Kharagpur,Active,50000,21000,6000,1500,78500,6000,0,72500
STF-0026,Praveen Kumar Varma,Male,1972-03-08,9154318806,praveen.kumar.varm.0026@aits.acadmix.org,"Flat 434, Ameerpet, Hyderabad, Telangana",Assistant Professor,dept-cse,CSE,faculty,True,2016-03-01,10,M.E,B.Tech,Software Engineering,JNTUA,Active,50000,21000,6000,1500,78500,6000,0,72500
STF-0027,Mohan Rao Hegde,Male,1985-07-06,9162959284,mohan.rao.hegde.0027@aits.acadmix.org,"Flat 185, Uppal, Hyderabad, Telangana",Assistant Professor,dept-cse,CSE,faculty,True,2016-01-09,10,M.E,B.Tech,Data Science,Jawaharlal Nehru University,Active,50000,21000,6000,1500,78500,6000,0,72500
STF-0028,Lokesh Kumar Ramesh,Male,1981-04-23,9871385010,lokesh.kumar.rames.0028@aits.acadmix.org,"Flat 350, Miyapur, Hyderabad, Telangana",Assistant Professor,dept-cse,CSE,faculty,True,2018-02-16,8,M.S,B.Tech,Software Engineering,IIT Madras,Active,50000,21000,6000,1500,78500,6000,0,72500
STF-0029,Chandra Sekhar Balasubramaniam,Male,1989-05-21,9436730606,chandra.sekhar.bal.0029@aits.acadmix.org,"Flat 130, Kompally, Hyderabad, Telangana",Assistant Professor,dept-cse,CSE,faculty,True,2022-07-20,4,M.Tech,B.Tech,Artificial Intelligence,Manipal University,Active,50000,21000,6000,1500,78500,6000,0,72500
STF-0030,Meena Chowdary,Female,1978-07-20,9299528037,meena.chowdary.0030@aits.acadmix.org,"Flat 136, Begumpet, Hyderabad, Telangana",Assistant Professor,dept-cse,CSE,faculty,True,2016-10-05,10,M.S,B.Tech,Computer Networks,JNTUH,Active,50000,21000,6000,1500,78500,6000,0,72500
STF-0031,Vijay Kumar Mehta,Male,1986-10-21,9738360085,vijay.kumar.mehta.0031@aits.acadmix.org,"Flat 121, Begumpet, Hyderabad, Telangana",Professor & HOD,dept-et,ET,hod,True,2009-12-02,17,M.E,B.Tech,Information Technology,Manipal University,Active,95000,39900,15200,2500,152600,11400,0,141200
STF-0032,Ganesh Kumar Ramesh,Male,1985-10-02,9869005091,ganesh.kumar.rames.0032@aits.acadmix.org,"Flat 261, Bachupally, Hyderabad, Telangana",Professor,dept-et,ET,faculty,True,2011-12-24,15,Ph.D,M.E,Machine Learning,NIT Trichy,Active,85000,35700,13600,2500,136800,10200,0,126600
STF-0033,Sreedevi Naidu,Female,1972-06-26,9110002396,sreedevi.naidu.0033@aits.acadmix.org,"Flat 335, Begumpet, Hyderabad, Telangana",Professor,dept-et,ET,faculty,True,2015-04-26,11,Ph.D,M.S,Artificial Intelligence,Osmania University,Active,85000,35700,13600,2500,136800,10200,0,126600
STF-0034,Jayasree Menon,Female,1975-01-28,9173864104,jayasree.menon.0034@aits.acadmix.org,"Flat 226, AS Rao Nagar, Hyderabad, Telangana",Professor,dept-et,ET,faculty,True,2012-03-13,14,Ph.D,M.S,Cyber Security,NIT Trichy,Active,85000,35700,13600,2500,136800,10200,0,126600
STF-0035,Tarun Kumar Reddy,Male,1972-08-24,9817112652,tarun.kumar.reddy.0035@aits.acadmix.org,"Flat 384, Quthbullapur, Hyderabad, Telangana",Professor,dept-et,ET,faculty,True,2016-06-10,10,Ph.D,M.Tech,Machine Learning,NIT Warangal,Active,85000,35700,13600,2500,136800,10200,0,126600
STF-0036,Praveen Kumar Babu,Male,1983-05-19,9392431670,praveen.kumar.babu.0036@aits.acadmix.org,"Flat 245, Begumpet, Hyderabad, Telangana",Professor,dept-et,ET,faculty,True,2011-05-13,15,Ph.D,M.S,Machine Learning,NIT Warangal,Active,85000,35700,13600,2500,136800,10200,0,126600
STF-0037,Hari Babu Chowdary,Male,1969-12-23,9781057736,hari.babu.chowdary.0037@aits.acadmix.org,"Flat 317, Attapur, Hyderabad, Telangana",Professor,dept-et,ET,faculty,True,2012-02-08,14,Ph.D,M.Tech,Artificial Intelligence,University of Hyderabad,Active,85000,35700,13600,2500,136800,10200,0,126600
STF-0038,Dinakar Rao Gupta,Male,1987-03-09,9895890631,dinakar.rao.gupta.0038@aits.acadmix.org,"Flat 327, Ameerpet, Hyderabad, Telangana",Professor,dept-et,ET,faculty,True,2016-11-30,10,Ph.D,M.Tech,Internet of Things,IIT Hyderabad,Active,85000,35700,13600,2500,136800,10200,0,126600
STF-0039,Manjula Natarajan,Female,1984-07-24,9260045822,manjula.natarajan.0039@aits.acadmix.org,"Flat 380, Kompally, Hyderabad, Telangana",Professor,dept-et,ET,faculty,True,2018-05-12,8,Ph.D,M.E,Internet of Things,JNTUK,Active,85000,35700,13600,2500,136800,10200,0,126600
STF-0040,Sirisha Sundaram,Female,1977-06-03,9954829815,sirisha.sundaram.0040@aits.acadmix.org,"Flat 121, Mehdipatnam, Hyderabad, Telangana",Professor,dept-et,ET,faculty,True,2013-01-05,13,Ph.D,M.S,Information Technology,Andhra University,Active,85000,35700,13600,2500,136800,10200,0,126600
STF-0041,Madhuri Kaur,Female,1978-08-14,9536344399,madhuri.kaur.0041@aits.acadmix.org,"Flat 418, Gachibowli, Hyderabad, Telangana",Professor,dept-et,ET,faculty,True,2010-09-26,16,Ph.D,M.E,Machine Learning,JNTUA,Active,85000,35700,13600,2500,136800,10200,0,126600
STF-0042,Aparna Krishnan,Female,1979-02-17,9940081098,aparna.krishnan.0042@aits.acadmix.org,"Flat 311, Manikonda, Hyderabad, Telangana",Associate Professor,dept-et,ET,faculty,True,2019-07-06,7,Ph.D,M.S,Data Science,JNTUA,Active,70000,29400,9800,2000,111200,8400,0,102800
STF-0043,Ashwini Kumar,Female,1983-09-07,9605399561,ashwini.kumar.0043@aits.acadmix.org,"Flat 214, KPHB, Hyderabad, Telangana",Associate Professor,dept-et,ET,faculty,True,2017-02-28,9,Ph.D,M.Tech,Data Science,Andhra University,Active,70000,29400,9800,2000,111200,8400,0,102800
STF-0044,Savitha Hegde,Female,1980-07-09,9452468587,savitha.hegde.0044@aits.acadmix.org,"Flat 243, Tolichowki, Hyderabad, Telangana",Associate Professor,dept-et,ET,faculty,True,2012-10-11,14,Ph.D,M.E,Data Science,Manipal University,Active,70000,29400,9800,2000,111200,8400,0,102800
STF-0045,Harsha Vardhan Krishnan,Male,1976-01-04,9129635852,harsha.vardhan.kri.0045@aits.acadmix.org,"Flat 160, Mehdipatnam, Hyderabad, Telangana",Associate Professor,dept-et,ET,faculty,True,2014-12-05,12,Ph.D,M.Tech,Internet of Things,NIT Warangal,Active,70000,29400,9800,2000,111200,8400,0,102800
STF-0046,Tejasvi Menon,Female,1995-03-12,9882269302,tejasvi.menon.0046@aits.acadmix.org,"Flat 503, Sainikpuri, Hyderabad, Telangana",Associate Professor,dept-et,ET,faculty,True,2016-11-22,10,Ph.D,M.E,Internet of Things,JNTUH,Active,70000,29400,9800,2000,111200,8400,0,102800
STF-0047,Arun Kumar Goud,Male,1991-04-28,9147659674,arun.kumar.goud.0047@aits.acadmix.org,"Flat 463, Nacharam, Hyderabad, Telangana",Associate Professor,dept-et,ET,faculty,True,2012-01-07,14,Ph.D,M.E,Internet of Things,Osmania University,Active,70000,29400,9800,2000,111200,8400,0,102800
STF-0048,Madhu Babu Malhotra,Male,1981-06-21,9437064353,madhu.babu.malhotr.0048@aits.acadmix.org,"Flat 440, Tolichowki, Hyderabad, Telangana",Associate Professor,dept-et,ET,faculty,True,2013-05-25,13,Ph.D,M.S,Internet of Things,NIT Trichy,Active,70000,29400,9800,2000,111200,8400,0,102800
STF-0049,Naga Raju Natarajan,Male,1986-11-10,9417457352,naga.raju.nataraja.0049@aits.acadmix.org,"Flat 384, Miyapur, Hyderabad, Telangana",Associate Professor,dept-et,ET,faculty,True,2014-02-24,12,Ph.D,M.S,Information Technology,VIT Vellore,Active,70000,29400,9800,2000,111200,8400,0,102800
STF-0050,Naresh Kumar Malhotra,Male,1968-01-07,9711072118,naresh.kumar.malho.0050@aits.acadmix.org,"Flat 255, Uppal, Hyderabad, Telangana",Associate Professor,dept-et,ET,faculty,True,2018-02-22,8,Ph.D,M.Tech,Data Science,NIT Trichy,Active,70000,29400,9800,2000,111200,8400,0,102800
STF-0051,Ranjith Kumar Kapoor,Male,1987-11-01,9802984810,ranjith.kumar.kapo.0051@aits.acadmix.org,"Flat 265, Dilsukhnagar, Hyderabad, Telangana",Associate Professor,dept-et,ET,faculty,True,2016-12-14,10,Ph.D,M.S,Information Technology,Osmania University,Active,70000,29400,9800,2000,111200,8400,0,102800
STF-0052,Ramesh Babu Ramesh,Male,1995-10-11,9191048514,ramesh.babu.ramesh.0052@aits.acadmix.org,"Flat 246, Vanasthalipuram, Hyderabad, Telangana",Associate Professor,dept-et,ET,faculty,True,2019-06-12,7,Ph.D,M.Tech,Data Science,IIT Kharagpur,Active,70000,29400,9800,2000,111200,8400,0,102800
STF-0053,Srikanth Pillai,Male,1989-04-24,9258220114,srikanth.pillai.0053@aits.acadmix.org,"Flat 113, Kompally, Hyderabad, Telangana",Associate Professor,dept-et,ET,faculty,True,2014-09-29,12,Ph.D,M.E,Internet of Things,IIT Kharagpur,Active,70000,29400,9800,2000,111200,8400,0,102800
STF-0054,Girish Kumar Pillai,Male,1985-12-04,9871318048,girish.kumar.pilla.0054@aits.acadmix.org,"Flat 457, Uppal, Hyderabad, Telangana",Associate Professor,dept-et,ET,faculty,True,2017-07-17,9,Ph.D,M.S,Machine Learning,JNTUK,Active,70000,29400,9800,2000,111200,8400,0,102800
STF-0055,Anand Kumar Venkataramana,Male,1991-03-27,9556497252,anand.kumar.venkat.0055@aits.acadmix.org,"Flat 213, Kukatpally, Hyderabad, Telangana",Associate Professor,dept-et,ET,faculty,True,2019-10-21,7,Ph.D,M.S,Cyber Security,IIT Madras,Active,70000,29400,9800,2000,111200,8400,0,102800
STF-0056,Sravanthi Prasad,Female,1991-10-29,9590122159,sravanthi.prasad.0056@aits.acadmix.org,"Flat 169, Manikonda, Hyderabad, Telangana",Associate Professor,dept-et,ET,faculty,True,2017-03-18,9,Ph.D,M.E,Internet of Things,University of Hyderabad,Active,70000,29400,9800,2000,111200,8400,0,102800
STF-0057,Rakesh Kumar Shah,Male,1989-04-17,9991816852,rakesh.kumar.shah.0057@aits.acadmix.org,"Flat 381, Dilsukhnagar, Hyderabad, Telangana",Associate Professor,dept-et,ET,faculty,True,2013-10-13,13,Ph.D,M.Tech,Cyber Security,NIT Warangal,Active,70000,29400,9800,2000,111200,8400,0,102800
STF-0058,Vamsi Krishna Venkataramana,Male,1978-09-24,9935021998,vamsi.krishna.venk.0058@aits.acadmix.org,"Flat 367, LB Nagar, Hyderabad, Telangana",Associate Professor,dept-et,ET,faculty,True,2019-01-11,7,Ph.D,M.Tech,Data Science,Jawaharlal Nehru University,Active,70000,29400,9800,2000,111200,8400,0,102800
STF-0059,Hemanth Kumar Yadav,Male,1971-08-13,9460613550,hemanth.kumar.yada.0059@aits.acadmix.org,"Flat 264, Mehdipatnam, Hyderabad, Telangana",Associate Professor,dept-et,ET,faculty,True,2018-01-21,8,Ph.D,M.Tech,Machine Learning,JNTUK,Active,70000,29400,9800,2000,111200,8400,0,102800
STF-0060,Kamala Devi Raghavan,Female,1982-11-04,9329730155,kamala.devi.raghav.0060@aits.acadmix.org,"Flat 133, Nacharam, Hyderabad, Telangana",Associate Professor,dept-et,ET,faculty,True,2016-07-27,10,Ph.D,M.E,Internet of Things,Jawaharlal Nehru University,Active,70000,29400,9800,2000,111200,8400,0,102800
STF-0061,Vani Patel,Female,1968-11-16,9518197538,vani.patel.0061@aits.acadmix.org,"Flat 495, SR Nagar, Hyderabad, Telangana",Associate Professor,dept-et,ET,faculty,True,2019-10-19,7,Ph.D,M.E,Internet of Things,VIT Vellore,Active,70000,29400,9800,2000,111200,8400,0,102800
STF-0062,Anusha Desai,Female,1992-02-22,9909037759,anusha.desai.0062@aits.acadmix.org,"Flat 300, Tolichowki, Hyderabad, Telangana",Assistant Professor,dept-et,ET,faculty,True,2020-09-12,6,M.E,B.Tech,Information Technology,Andhra University,Active,50000,21000,6000,1500,78500,6000,0,72500
STF-0063,Tejasvi Sinha,Female,1986-02-19,9131165166,tejasvi.sinha.0063@aits.acadmix.org,"Flat 300, Sainikpuri, Hyderabad, Telangana",Assistant Professor,dept-et,ET,faculty,True,2023-07-02,3,M.E,B.Tech,Information Technology,JNTUA,Active,50000,21000,6000,1500,78500,6000,0,72500
STF-0064,Harsha Vardhan Rao,Male,1969-03-20,9523076025,harsha.vardhan.rao.0064@aits.acadmix.org,"Flat 404, SR Nagar, Hyderabad, Telangana",Assistant Professor,dept-et,ET,faculty,True,2023-06-08,3,M.Tech,B.Tech,Artificial Intelligence,Anna University,Active,50000,21000,6000,1500,78500,6000,0,72500
STF-0065,Kiran Kumar Sharma,Male,1988-05-24,9379340713,kiran.kumar.sharma.0065@aits.acadmix.org,"Flat 295, Sainikpuri, Hyderabad, Telangana",Assistant Professor,dept-et,ET,faculty,True,2018-05-16,8,M.E,B.Tech,Data Science,University of Hyderabad,Active,50000,21000,6000,1500,78500,6000,0,72500
STF-0066,Vani Patel,Female,1992-03-12,9370874491,vani.patel.0066@aits.acadmix.org,"Flat 142, LB Nagar, Hyderabad, Telangana",Assistant Professor,dept-et,ET,faculty,True,2016-03-20,10,M.Tech,B.Tech,Artificial Intelligence,BITS Pilani,Active,50000,21000,6000,1500,78500,6000,0,72500
STF-0067,Rajendra Prasad Chandrasekhar,Male,1995-11-14,9133318206,rajendra.prasad.ch.0067@aits.acadmix.org,"Flat 227, KPHB, Hyderabad, Telangana",Assistant Professor,dept-et,ET,faculty,True,2016-03-24,10,M.Tech,B.Tech,Machine Learning,Andhra University,Active,50000,21000,6000,1500,78500,6000,0,72500
STF-0068,Mahesh Babu Arora,Male,1984-07-18,9334037646,mahesh.babu.arora.0068@aits.acadmix.org,"Flat 339, Madhapur, Hyderabad, Telangana",Assistant Professor,dept-et,ET,faculty,True,2018-11-15,8,M.Tech,B.Tech,Machine Learning,JNTUH,Active,50000,21000,6000,1500,78500,6000,0,72500
STF-0069,Anand Kumar Mehta,Male,1984-11-01,9127571992,anand.kumar.mehta.0069@aits.acadmix.org,"Flat 260, SR Nagar, Hyderabad, Telangana",Assistant Professor,dept-et,ET,faculty,True,2023-08-06,3,M.Tech,B.Tech,Cyber Security,Osmania University,Active,50000,21000,6000,1500,78500,6000,0,72500
STF-0070,Vijay Kumar Varma,Male,1994-12-07,9848605284,vijay.kumar.varma.0070@aits.acadmix.org,"Flat 496, Quthbullapur, Hyderabad, Telangana",Assistant Professor,dept-et,ET,faculty,True,2023-09-03,3,M.E,B.Tech,Artificial Intelligence,IIT Madras,Active,50000,21000,6000,1500,78500,6000,0,72500
STF-0071,Jagadeesh Naidu,Male,1986-11-04,9643271261,jagadeesh.naidu.0071@aits.acadmix.org,"Flat 432, Sainikpuri, Hyderabad, Telangana",Assistant Professor,dept-et,ET,faculty,True,2016-02-21,10,M.E,B.Tech,Cyber Security,JNTUH,Active,50000,21000,6000,1500,78500,6000,0,72500
STF-0072,Srinath Raghavan,Male,1991-05-28,9264272995,srinath.raghavan.0072@aits.acadmix.org,"Flat 323, Kukatpally, Hyderabad, Telangana",Assistant Professor,dept-et,ET,faculty,True,2024-03-24,2,M.S,B.Tech,Information Technology,NIT Warangal,Active,50000,21000,6000,1500,78500,6000,0,72500
STF-0073,Harsha Vardhan Venkataramana,Male,1994-07-30,9619151495,harsha.vardhan.ven.0073@aits.acadmix.org,"Flat 339, Nacharam, Hyderabad, Telangana",Assistant Professor,dept-et,ET,faculty,True,2024-03-13,2,M.Tech,B.Tech,Data Science,University of Hyderabad,Active,50000,21000,6000,1500,78500,6000,0,72500
STF-0074,Krishna Murthy Yadav,Male,1993-07-24,9584044963,krishna.murthy.yad.0074@aits.acadmix.org,"Flat 225, Kondapur, Hyderabad, Telangana",Assistant Professor,dept-et,ET,faculty,True,2021-03-18,5,M.E,B.Tech,Internet of Things,VIT Vellore,Active,50000,21000,6000,1500,78500,6000,0,72500
STF-0075,Sravanthi Iyer,Female,1979-08-03,9295249057,sravanthi.iyer.0075@aits.acadmix.org,"Flat 350, KPHB, Hyderabad, Telangana",Assistant Professor,dept-et,ET,faculty,True,2019-12-24,7,M.S,B.Tech,Data Science,NIT Warangal,Active,50000,21000,6000,1500,78500,6000,0,72500
STF-0076,Vamsi Krishna Kaur,Male,1971-11-03,9110899674,vamsi.krishna.kaur.0076@aits.acadmix.org,"Flat 365, Himayatnagar, Hyderabad, Telangana",Assistant Professor,dept-et,ET,faculty,True,2018-02-21,8,M.E,B.Tech,Machine Learning,Anna University,Active,50000,21000,6000,1500,78500,6000,0,72500
STF-0077,Hemanth Kumar Natarajan,Male,1988-02-07,9611201082,hemanth.kumar.nata.0077@aits.acadmix.org,"Flat 431, Madhapur, Hyderabad, Telangana",Assistant Professor,dept-et,ET,faculty,True,2021-07-03,5,M.E,B.Tech,Artificial Intelligence,IIT Kharagpur,Active,50000,21000,6000,1500,78500,6000,0,72500
STF-0078,Lavanya Venkatesh,Female,1989-03-24,9428786222,lavanya.venkatesh.0078@aits.acadmix.org,"Flat 440, SR Nagar, Hyderabad, Telangana",Assistant Professor,dept-et,ET,faculty,True,2020-02-20,6,M.E,B.Tech,Internet of Things,Manipal University,Active,50000,21000,6000,1500,78500,6000,0,72500
STF-0079,Praveen Kumar Krishnan,Male,1981-10-02,9477753674,praveen.kumar.kris.0079@aits.acadmix.org,"Flat 460, Dilsukhnagar, Hyderabad, Telangana",Assistant Professor,dept-et,ET,faculty,True,2019-01-14,7,M.Tech,B.Tech,Data Science,Andhra University,Active,50000,21000,6000,1500,78500,6000,0,72500
STF-0080,Balaji Prasad,Male,1976-04-21,9897662466,balaji.prasad.0080@aits.acadmix.org,"Flat 375, Himayatnagar, Hyderabad, Telangana",Assistant Professor,dept-et,ET,faculty,True,2024-07-18,2,M.S,B.Tech,Machine Learning,Osmania University,Active,50000,21000,6000,1500,78500,6000,0,72500
STF-0081,Tarun Kumar Kapoor,Male,1981-04-15,9403867539,tarun.kumar.kapoor.0081@aits.acadmix.org,"Flat 152, Attapur, Hyderabad, Telangana",Assistant Professor,dept-et,ET,faculty,True,2018-03-06,8,M.Tech,B.Tech,Machine Learning,BITS Pilani,Active,50000,21000,6000,1500,78500,6000,0,72500
STF-0082,Meghana Singh,Female,1992-10-27,9235917419,meghana.singh.0082@aits.acadmix.org,"Flat 241, Kompally, Hyderabad, Telangana",Assistant Professor,dept-et,ET,faculty,True,2016-08-11,10,M.S,B.Tech,Data Science,JNTUK,Active,50000,21000,6000,1500,78500,6000,0,72500
STF-0083,Aditya Kumar Varma,Male,1989-06-22,9113169872,aditya.kumar.varma.0083@aits.acadmix.org,"Flat 394, Quthbullapur, Hyderabad, Telangana",Assistant Professor,dept-et,ET,faculty,True,2021-04-06,5,M.Tech,B.Tech,Cyber Security,University of Hyderabad,Active,50000,21000,6000,1500,78500,6000,0,72500
STF-0084,Ashok Kumar Mishra,Male,1971-04-28,9222500131,ashok.kumar.mishra.0084@aits.acadmix.org,"Flat 134, Uppal, Hyderabad, Telangana",Assistant Professor,dept-et,ET,faculty,True,2021-07-07,5,M.Tech,B.Tech,Internet of Things,IIT Madras,Active,50000,21000,6000,1500,78500,6000,0,72500
STF-0085,Pavani Desai,Female,1986-09-01,9191462297,pavani.desai.0085@aits.acadmix.org,"Flat 228, Medchal, Hyderabad, Telangana",Assistant Professor,dept-et,ET,faculty,True,2022-04-04,4,M.S,B.Tech,Internet of Things,Andhra University,Active,50000,21000,6000,1500,78500,6000,0,72500
STF-0086,Sudha Agarwal,Female,1993-07-04,9419280490,sudha.agarwal.0086@aits.acadmix.org,"Flat 402, Nacharam, Hyderabad, Telangana",Assistant Professor,dept-et,ET,faculty,True,2019-06-04,7,M.S,B.Tech,Internet of Things,IIT Madras,Active,50000,21000,6000,1500,78500,6000,0,72500
STF-0087,Ravi Shankar Chandrasekhar,Male,1971-08-23,9323110563,ravi.shankar.chand.0087@aits.acadmix.org,"Flat 421, KPHB, Hyderabad, Telangana",Assistant Professor,dept-et,ET,faculty,True,2018-12-19,8,M.Tech,B.Tech,Machine Learning,Andhra University,Active,50000,21000,6000,1500,78500,6000,0,72500
STF-0088,Siva Kumar Reddy,Male,1989-01-29,9538642403,siva.kumar.reddy.0088@aits.acadmix.org,"Flat 331, Madhapur, Hyderabad, Telangana",Assistant Professor,dept-et,ET,faculty,True,2022-08-29,4,M.Tech,B.Tech,Data Science,IIT Madras,Active,50000,21000,6000,1500,78500,6000,0,72500
STF-0089,Rekha Natarajan,Female,1979-11-13,9587512424,rekha.natarajan.0089@aits.acadmix.org,"Flat 137, Jubilee Hills, Hyderabad, Telangana",Assistant Professor,dept-et,ET,faculty,True,2018-08-14,8,M.E,B.Tech,Information Technology,Osmania University,Active,50000,21000,6000,1500,78500,6000,0,72500
STF-0090,Vasantha Balaji,Female,1971-03-15,9259976144,vasantha.balaji.0090@aits.acadmix.org,"Flat 237, Attapur, Hyderabad, Telangana",Assistant Professor,dept-et,ET,faculty,True,2017-08-05,9,M.E,B.Tech,Artificial Intelligence,JNTUA,Active,50000,21000,6000,1500,78500,6000,0,72500
STF-0091,Dinesh Kumar Patil,Male,1981-08-22,9571537429,dinesh.kumar.patil.0091@aits.acadmix.org,"Flat 164, Dilsukhnagar, Hyderabad, Telangana",Assistant Professor,dept-et,ET,faculty,True,2023-09-21,3,M.E,B.Tech,Information Technology,VIT Vellore,Active,50000,21000,6000,1500,78500,6000,0,72500
STF-0092,Naveen Kumar Agarwal,Male,1982-06-16,9186373782,naveen.kumar.agarw.0092@aits.acadmix.org,"Flat 407, Kompally, Hyderabad, Telangana",Assistant Professor,dept-et,ET,faculty,True,2020-11-04,6,M.Tech,B.Tech,Internet of Things,NIT Warangal,Active,50000,21000,6000,1500,78500,6000,0,72500
STF-0093,Vyshnavi Arora,Female,1980-02-02,9730418447,vyshnavi.arora.0093@aits.acadmix.org,"Flat 111, Kondapur, Hyderabad, Telangana",Assistant Professor,dept-et,ET,faculty,True,2023-07-16,3,M.Tech,B.Tech,Internet of Things,IIT Madras,Active,50000,21000,6000,1500,78500,6000,0,72500
STF-0094,Gopal Krishna Yadav,Male,1990-01-21,9294872482,gopal.krishna.yada.0094@aits.acadmix.org,"Flat 400, Nacharam, Hyderabad, Telangana",Assistant Professor,dept-et,ET,faculty,True,2023-02-13,3,M.E,B.Tech,Artificial Intelligence,University of Pune,Active,50000,21000,6000,1500,78500,6000,0,72500
STF-0095,Kalyan Kumar Ramesh,Male,1990-03-23,9212313264,kalyan.kumar.rames.0095@aits.acadmix.org,"Flat 183, Sainikpuri, Hyderabad, Telangana",Assistant Professor,dept-et,ET,faculty,True,2020-08-13,6,M.S,B.Tech,Data Science,VIT Vellore,Active,50000,21000,6000,1500,78500,6000,0,72500
STF-0096,Vijaya Lakshmi Iyer,Female,1986-02-17,9371011200,vijaya.lakshmi.iye.0096@aits.acadmix.org,"Flat 266, Medchal, Hyderabad, Telangana",Assistant Professor,dept-et,ET,faculty,True,2024-08-30,2,M.S,B.Tech,Internet of Things,IIT Hyderabad,Active,50000,21000,6000,1500,78500,6000,0,72500
STF-0097,Durga Prasad Patel,Male,1995-12-06,9158201193,durga.prasad.patel.0097@aits.acadmix.org,"Flat 197, Vanasthalipuram, Hyderabad, Telangana",Assistant Professor,dept-et,ET,faculty,True,2020-01-21,6,M.Tech,B.Tech,Cyber Security,Jawaharlal Nehru University,Active,50000,21000,6000,1500,78500,6000,0,72500
STF-0098,Haritha Raju,Female,1989-09-28,9409268943,haritha.raju.0098@aits.acadmix.org,"Flat 325, Mehdipatnam, Hyderabad, Telangana",Assistant Professor,dept-et,ET,faculty,True,2023-10-31,3,M.S,B.Tech,Artificial Intelligence,IIT Hyderabad,Active,50000,21000,6000,1500,78500,6000,0,72500
STF-0099,Hemanth Kumar Raghavan,Male,1992-10-09,9270057261,hemanth.kumar.ragh.0099@aits.acadmix.org,"Flat 260, Ameerpet, Hyderabad, Telangana",Assistant Professor,dept-et,ET,faculty,True,2016-02-26,10,M.Tech,B.Tech,Cyber Security,IIT Kharagpur,Active,50000,21000,6000,1500,78500,6000,0,72500
STF-0100,Mahesh Babu Joshi,Male,1990-05-10,9226128312,mahesh.babu.joshi.0100@aits.acadmix.org,"Flat 432, Attapur, Hyderabad, Telangana",Assistant Professor,dept-et,ET,faculty,True,2017-09-22,9,M.S,B.Tech,Information Technology,NIT Trichy,Active,50000,21000,6000,1500,78500,6000,0,72500
STF-0101,Ramana Rao Mishra,Male,1974-06-27,9607042130,ramana.rao.mishra.0101@aits.acadmix.org,"Flat 225, Dilsukhnagar, Hyderabad, Telangana",Assistant Professor,dept-et,ET,faculty,True,2022-03-07,4,M.S,B.Tech,Cyber Security,Osmania University,Active,50000,21000,6000,1500,78500,6000,0,72500
STF-0102,Santosh Kumar Balasubramaniam,Male,1983-03-31,9246574716,santosh.kumar.bala.0102@aits.acadmix.org,"Flat 136, Nizampet, Hyderabad, Telangana",Professor & HOD,dept-ece,ECE,hod,True,2013-08-27,13,M.Tech,B.Tech,Communication Engineering,NIT Warangal,Active,95000,39900,15200,2500,152600,11400,0,141200
STF-0103,Sirisha Mehta,Female,1974-08-31,9722687986,sirisha.mehta.0103@aits.acadmix.org,"Flat 438, LB Nagar, Hyderabad, Telangana",Professor,dept-ece,ECE,faculty,True,2018-09-15,8,Ph.D,M.E,Signal Processing,University of Pune,Active,85000,35700,13600,2500,136800,10200,0,126600
STF-0104,Nikhil Kumar Bhat,Male,1978-09-17,9588922557,nikhil.kumar.bhat.0104@aits.acadmix.org,"Flat 265, Tolichowki, Hyderabad, Telangana",Professor,dept-ece,ECE,faculty,True,2011-02-12,15,Ph.D,M.Tech,Communication Engineering,VIT Vellore,Active,85000,35700,13600,2500,136800,10200,0,126600
STF-0105,Sudhakar Kumar,Male,1985-02-06,9441639230,sudhakar.kumar.0105@aits.acadmix.org,"Flat 482, LB Nagar, Hyderabad, Telangana",Professor,dept-ece,ECE,faculty,True,2016-11-28,10,Ph.D,M.E,Signal Processing,JNTUK,Active,85000,35700,13600,2500,136800,10200,0,126600
STF-0106,Subrahmanyam Tripathi,Male,1987-10-01,9733701411,subrahmanyam.tripa.0106@aits.acadmix.org,"Flat 270, Tolichowki, Hyderabad, Telangana",Associate Professor,dept-ece,ECE,faculty,True,2013-02-15,13,Ph.D,M.E,Electronics & Communication,Manipal University,Active,70000,29400,9800,2000,111200,8400,0,102800
STF-0107,Kamala Devi Patel,Female,1979-11-21,9803066091,kamala.devi.patel.0107@aits.acadmix.org,"Flat 180, Alwal, Hyderabad, Telangana",Associate Professor,dept-ece,ECE,faculty,True,2017-04-07,9,Ph.D,M.S,Embedded Systems,VIT Vellore,Active,70000,29400,9800,2000,111200,8400,0,102800
STF-0108,Deepika Ganesh,Female,1989-11-20,9672972597,deepika.ganesh.0108@aits.acadmix.org,"Flat 295, Himayatnagar, Hyderabad, Telangana",Associate Professor,dept-ece,ECE,faculty,True,2015-07-21,11,Ph.D,M.S,Communication Engineering,IIT Madras,Active,70000,29400,9800,2000,111200,8400,0,102800
STF-0109,Bhargavi Ganesh,Female,1987-06-20,9408570854,bhargavi.ganesh.0109@aits.acadmix.org,"Flat 217, Gachibowli, Hyderabad, Telangana",Associate Professor,dept-ece,ECE,faculty,True,2013-01-05,13,Ph.D,M.E,Electronics & Communication,JNTUH,Active,70000,29400,9800,2000,111200,8400,0,102800
STF-0110,Sirisha Rao,Female,1981-02-27,9149382425,sirisha.rao.0110@aits.acadmix.org,"Flat 267, Manikonda, Hyderabad, Telangana",Associate Professor,dept-ece,ECE,faculty,True,2012-08-17,14,Ph.D,M.E,Embedded Systems,BITS Pilani,Active,70000,29400,9800,2000,111200,8400,0,102800
STF-0111,Hema Latha Patel,Female,1975-08-17,9707660630,hema.latha.patel.0111@aits.acadmix.org,"Flat 450, Manikonda, Hyderabad, Telangana",Associate Professor,dept-ece,ECE,faculty,True,2014-01-07,12,Ph.D,M.S,VLSI Design,IIT Kharagpur,Active,70000,29400,9800,2000,111200,8400,0,102800
STF-0112,Hemanth Kumar Sinha,Male,1979-05-24,9726160204,hemanth.kumar.sinh.0112@aits.acadmix.org,"Flat 174, Bachupally, Hyderabad, Telangana",Assistant Professor,dept-ece,ECE,faculty,True,2021-03-03,5,M.S,B.Tech,Signal Processing,NIT Warangal,Active,50000,21000,6000,1500,78500,6000,0,72500
STF-0113,Padmaja Joshi,Female,1971-04-25,9408842146,padmaja.joshi.0113@aits.acadmix.org,"Flat 447, Ameerpet, Hyderabad, Telangana",Assistant Professor,dept-ece,ECE,faculty,True,2017-10-09,9,M.S,B.Tech,Signal Processing,BITS Pilani,Active,50000,21000,6000,1500,78500,6000,0,72500
STF-0114,Tejasvi Natarajan,Female,1976-12-07,9368540924,tejasvi.natarajan.0114@aits.acadmix.org,"Flat 334, Tolichowki, Hyderabad, Telangana",Assistant Professor,dept-ece,ECE,faculty,True,2019-05-22,7,M.Tech,B.Tech,Signal Processing,University of Pune,Active,50000,21000,6000,1500,78500,6000,0,72500
STF-0115,Pavani Menon,Female,1968-12-25,9717199615,pavani.menon.0115@aits.acadmix.org,"Flat 252, Madhapur, Hyderabad, Telangana",Assistant Professor,dept-ece,ECE,faculty,True,2019-04-24,7,M.Tech,B.Tech,Signal Processing,NIT Warangal,Active,50000,21000,6000,1500,78500,6000,0,72500
STF-0116,Hari Babu Kapoor,Male,1978-04-28,9900122509,hari.babu.kapoor.0116@aits.acadmix.org,"Flat 355, Attapur, Hyderabad, Telangana",Assistant Professor,dept-ece,ECE,faculty,True,2019-03-18,7,M.Tech,B.Tech,Communication Engineering,BITS Pilani,Active,50000,21000,6000,1500,78500,6000,0,72500
STF-0117,Ashok Kumar Ganesh,Male,1974-02-18,9911294971,ashok.kumar.ganesh.0117@aits.acadmix.org,"Flat 470, Kondapur, Hyderabad, Telangana",Assistant Professor,dept-ece,ECE,faculty,True,2023-05-24,3,M.E,B.Tech,Electronics & Communication,IIT Madras,Active,50000,21000,6000,1500,78500,6000,0,72500
STF-0118,Suresh Kumar Mehta,Male,1981-03-28,9491766764,suresh.kumar.mehta.0118@aits.acadmix.org,"Flat 475, Miyapur, Hyderabad, Telangana",Assistant Professor,dept-ece,ECE,faculty,True,2017-01-04,9,M.Tech,B.Tech,Embedded Systems,Anna University,Active,50000,21000,6000,1500,78500,6000,0,72500
STF-0119,Chandrika Singh,Female,1975-05-19,9492836532,chandrika.singh.0119@aits.acadmix.org,"Flat 372, Vanasthalipuram, Hyderabad, Telangana",Assistant Professor,dept-ece,ECE,faculty,True,2019-01-21,7,M.E,B.Tech,Embedded Systems,University of Pune,Active,50000,21000,6000,1500,78500,6000,0,72500
STF-0120,Sunil Kumar Prasad,Male,1978-02-13,9602866993,sunil.kumar.prasad.0120@aits.acadmix.org,"Flat 139, Miyapur, Hyderabad, Telangana",Assistant Professor,dept-ece,ECE,faculty,True,2024-06-16,2,M.Tech,B.Tech,Signal Processing,BITS Pilani,Active,50000,21000,6000,1500,78500,6000,0,72500
STF-0121,Venkata Rao Goud,Male,1979-10-05,9676140134,venkata.rao.goud.0121@aits.acadmix.org,"Flat 164, Dilsukhnagar, Hyderabad, Telangana",Assistant Professor,dept-ece,ECE,faculty,True,2020-02-18,6,M.S,B.Tech,Communication Engineering,VIT Vellore,Active,50000,21000,6000,1500,78500,6000,0,72500
STF-0122,Anand Kumar Ganesh,Male,1993-03-08,9351064359,anand.kumar.ganesh.0122@aits.acadmix.org,"Flat 342, Secunderabad, Hyderabad, Telangana",Assistant Professor,dept-ece,ECE,faculty,True,2022-12-12,4,M.S,B.Tech,Embedded Systems,Andhra University,Active,50000,21000,6000,1500,78500,6000,0,72500
STF-0123,Nagamani Joshi,Female,1973-03-26,9852775879,nagamani.joshi.0123@aits.acadmix.org,"Flat 255, Banjara Hills, Hyderabad, Telangana",Assistant Professor,dept-ece,ECE,faculty,True,2020-07-30,6,M.Tech,B.Tech,VLSI Design,IIT Madras,Active,50000,21000,6000,1500,78500,6000,0,72500
STF-0124,Naveen Kumar Prasad,Male,1974-01-31,9204359116,naveen.kumar.prasa.0124@aits.acadmix.org,"Flat 221, Mehdipatnam, Hyderabad, Telangana",Assistant Professor,dept-ece,ECE,faculty,True,2022-01-10,4,M.E,B.Tech,Signal Processing,Jawaharlal Nehru University,Active,50000,21000,6000,1500,78500,6000,0,72500
STF-0125,Nikhil Kumar Patel,Male,1986-08-11,9730651895,nikhil.kumar.patel.0125@aits.acadmix.org,"Flat 481, Gachibowli, Hyderabad, Telangana",Assistant Professor,dept-ece,ECE,faculty,True,2017-09-24,9,M.S,B.Tech,Electronics & Communication,University of Pune,Active,50000,21000,6000,1500,78500,6000,0,72500
STF-0126,Vamsi Krishna Kumar,Male,1987-12-12,9841183219,vamsi.krishna.kuma.0126@aits.acadmix.org,"Flat 290, KPHB, Hyderabad, Telangana",Assistant Professor,dept-ece,ECE,faculty,True,2020-12-21,6,M.Tech,B.Tech,VLSI Design,BITS Pilani,Active,50000,21000,6000,1500,78500,6000,0,72500
STF-0127,Jagadeesh Singh,Male,1980-05-17,9792377512,jagadeesh.singh.0127@aits.acadmix.org,"Flat 284, Kompally, Hyderabad, Telangana",Professor & HOD,dept-eee,EEE,hod,True,2013-06-19,13,M.E,B.Tech,Power Systems,JNTUH,Active,95000,39900,15200,2500,152600,11400,0,141200
STF-0128,Lalitha Balaji,Female,1982-12-17,9786650291,lalitha.balaji.0128@aits.acadmix.org,"Flat 406, Secunderabad, Hyderabad, Telangana",Professor,dept-eee,EEE,faculty,True,2009-07-27,17,Ph.D,M.S,Power Systems,JNTUK,Active,85000,35700,13600,2500,136800,10200,0,126600
STF-0129,Vani Chandrasekhar,Female,1978-06-14,9695076080,vani.chandrasekhar.0129@aits.acadmix.org,"Flat 207, SR Nagar, Hyderabad, Telangana",Professor,dept-eee,EEE,faculty,True,2011-06-04,15,Ph.D,M.S,Control Systems,JNTUK,Active,85000,35700,13600,2500,136800,10200,0,126600
STF-0130,Sravanthi Babu,Female,1975-10-29,9239577989,sravanthi.babu.0130@aits.acadmix.org,"Flat 377, Nizampet, Hyderabad, Telangana",Associate Professor,dept-eee,EEE,faculty,True,2020-12-14,6,Ph.D,M.Tech,Electrical Engineering,IIT Hyderabad,Active,70000,29400,9800,2000,111200,8400,0,102800
STF-0131,Chandrika Venkatesh,Female,1979-11-26,9732276010,chandrika.venkates.0131@aits.acadmix.org,"Flat 266, Secunderabad, Hyderabad, Telangana",Associate Professor,dept-eee,EEE,faculty,True,2013-12-14,13,Ph.D,M.S,Electrical Engineering,JNTUK,Active,70000,29400,9800,2000,111200,8400,0,102800
STF-0132,Mahesh Babu Balasubramaniam,Male,1984-03-28,9168244921,mahesh.babu.balasu.0132@aits.acadmix.org,"Flat 344, Dilsukhnagar, Hyderabad, Telangana",Associate Professor,dept-eee,EEE,faculty,True,2020-09-21,6,Ph.D,M.E,Renewable Energy,JNTUH,Active,70000,29400,9800,2000,111200,8400,0,102800
STF-0133,Rajendra Prasad Anand,Male,1988-07-18,9940983577,rajendra.prasad.an.0133@aits.acadmix.org,"Flat 438, Vanasthalipuram, Hyderabad, Telangana",Associate Professor,dept-eee,EEE,faculty,True,2015-05-20,11,Ph.D,M.E,Electrical Engineering,IIT Madras,Active,70000,29400,9800,2000,111200,8400,0,102800
STF-0134,Phani Kumar Ganesh,Male,1971-04-19,9215923129,phani.kumar.ganesh.0134@aits.acadmix.org,"Flat 352, Madhapur, Hyderabad, Telangana",Assistant Professor,dept-eee,EEE,faculty,True,2020-12-21,6,M.S,B.Tech,Electrical Engineering,University of Hyderabad,Active,50000,21000,6000,1500,78500,6000,0,72500
STF-0135,Usha Rani Yadav,Female,1982-08-02,9770355806,usha.rani.yadav.0135@aits.acadmix.org,"Flat 425, SR Nagar, Hyderabad, Telangana",Assistant Professor,dept-eee,EEE,faculty,True,2022-02-24,4,M.E,B.Tech,Power Electronics,Manipal University,Active,50000,21000,6000,1500,78500,6000,0,72500
STF-0136,Trinadha Rao Varma,Male,1992-09-24,9951580447,trinadha.rao.varma.0136@aits.acadmix.org,"Flat 460, Medchal, Hyderabad, Telangana",Assistant Professor,dept-eee,EEE,faculty,True,2023-05-05,3,M.E,B.Tech,Power Systems,Anna University,Active,50000,21000,6000,1500,78500,6000,0,72500
STF-0137,Sudhakar Krishnan,Male,1972-04-06,9988434627,sudhakar.krishnan.0137@aits.acadmix.org,"Flat 333, Uppal, Hyderabad, Telangana",Assistant Professor,dept-eee,EEE,faculty,True,2020-08-30,6,M.E,B.Tech,Control Systems,Anna University,Active,50000,21000,6000,1500,78500,6000,0,72500
STF-0138,Jagadeesh Babu,Male,1971-10-30,9837468465,jagadeesh.babu.0138@aits.acadmix.org,"Flat 343, Alwal, Hyderabad, Telangana",Assistant Professor,dept-eee,EEE,faculty,True,2017-01-08,9,M.Tech,B.Tech,Electrical Engineering,Anna University,Active,50000,21000,6000,1500,78500,6000,0,72500
STF-0139,Jagadeesh Raju,Male,1993-03-12,9697398528,jagadeesh.raju.0139@aits.acadmix.org,"Flat 131, SR Nagar, Hyderabad, Telangana",Assistant Professor,dept-eee,EEE,faculty,True,2022-04-19,4,M.E,B.Tech,Control Systems,JNTUH,Active,50000,21000,6000,1500,78500,6000,0,72500
STF-0140,Phani Kumar Anand,Male,1983-10-10,9155239803,phani.kumar.anand.0140@aits.acadmix.org,"Flat 248, Begumpet, Hyderabad, Telangana",Assistant Professor,dept-eee,EEE,faculty,True,2019-07-03,7,M.Tech,B.Tech,Electrical Engineering,Manipal University,Active,50000,21000,6000,1500,78500,6000,0,72500
STF-0141,Ramya Sastry,Female,1984-06-27,9216198604,ramya.sastry.0141@aits.acadmix.org,"Flat 280, Tolichowki, Hyderabad, Telangana",Assistant Professor,dept-eee,EEE,faculty,True,2022-03-28,4,M.S,B.Tech,Electrical Engineering,NIT Warangal,Active,50000,21000,6000,1500,78500,6000,0,72500
STF-0142,Srikanth Shah,Male,1995-04-26,9702332331,srikanth.shah.0142@aits.acadmix.org,"Flat 493, Attapur, Hyderabad, Telangana",Professor & HOD,dept-mech,MECH,hod,True,2009-04-18,17,M.Tech,B.Tech,Manufacturing,IIT Hyderabad,Active,95000,39900,15200,2500,152600,11400,0,141200
STF-0143,Ravi Teja Krishnan,Male,1974-06-05,9476908532,ravi.teja.krishnan.0143@aits.acadmix.org,"Flat 104, Kukatpally, Hyderabad, Telangana",Professor,dept-mech,MECH,faculty,True,2018-10-03,8,Ph.D,M.Tech,Industrial Engineering,VIT Vellore,Active,85000,35700,13600,2500,136800,10200,0,126600
STF-0144,Bhargavi Rao,Female,1984-11-15,9198524063,bhargavi.rao.0144@aits.acadmix.org,"Flat 483, Vanasthalipuram, Hyderabad, Telangana",Professor,dept-mech,MECH,faculty,True,2011-06-01,15,Ph.D,M.E,CAD/CAM,Jawaharlal Nehru University,Active,85000,35700,13600,2500,136800,10200,0,126600
STF-0145,Sirisha Anand,Female,1994-09-29,9448303473,sirisha.anand.0145@aits.acadmix.org,"Flat 498, Himayatnagar, Hyderabad, Telangana",Professor,dept-mech,MECH,faculty,True,2015-05-14,11,Ph.D,M.Tech,Mechanical Engineering,IIT Madras,Active,85000,35700,13600,2500,136800,10200,0,126600
STF-0146,Aruna Sharma,Female,1987-01-08,9823668399,aruna.sharma.0146@aits.acadmix.org,"Flat 142, Nizampet, Hyderabad, Telangana",Associate Professor,dept-mech,MECH,faculty,True,2016-12-19,10,Ph.D,M.E,CAD/CAM,Jawaharlal Nehru University,Active,70000,29400,9800,2000,111200,8400,0,102800
STF-0147,Santosh Kumar Prasad,Male,1994-08-09,9470626529,santosh.kumar.pras.0147@aits.acadmix.org,"Flat 321, Medchal, Hyderabad, Telangana",Associate Professor,dept-mech,MECH,faculty,True,2015-03-06,11,Ph.D,M.S,CAD/CAM,Manipal University,Active,70000,29400,9800,2000,111200,8400,0,102800
STF-0148,Srikanth Hegde,Male,1981-07-09,9743520276,srikanth.hegde.0148@aits.acadmix.org,"Flat 129, Secunderabad, Hyderabad, Telangana",Associate Professor,dept-mech,MECH,faculty,True,2014-04-17,12,Ph.D,M.E,Thermal Engineering,JNTUK,Active,70000,29400,9800,2000,111200,8400,0,102800
STF-0149,Prasad Rao Reddy,Male,1973-10-17,9634063428,prasad.rao.reddy.0149@aits.acadmix.org,"Flat 483, Nacharam, Hyderabad, Telangana",Associate Professor,dept-mech,MECH,faculty,True,2013-12-20,13,Ph.D,M.S,CAD/CAM,Andhra University,Active,70000,29400,9800,2000,111200,8400,0,102800
STF-0150,Harikrishna Naidu,Male,1968-11-03,9526351920,harikrishna.naidu.0150@aits.acadmix.org,"Flat 480, Kompally, Hyderabad, Telangana",Associate Professor,dept-mech,MECH,faculty,True,2016-11-21,10,Ph.D,M.E,CAD/CAM,IIT Kharagpur,Active,70000,29400,9800,2000,111200,8400,0,102800
STF-0151,Girish Kumar Hegde,Male,1973-03-02,9861818706,girish.kumar.hegde.0151@aits.acadmix.org,"Flat 428, Nacharam, Hyderabad, Telangana",Associate Professor,dept-mech,MECH,faculty,True,2015-03-31,11,Ph.D,M.E,CAD/CAM,IIT Hyderabad,Active,70000,29400,9800,2000,111200,8400,0,102800
STF-0152,Aruna Joshi,Female,1971-12-14,9993381017,aruna.joshi.0152@aits.acadmix.org,"Flat 454, Masab Tank, Hyderabad, Telangana",Assistant Professor,dept-mech,MECH,faculty,True,2020-01-22,6,M.Tech,B.Tech,CAD/CAM,JNTUH,Active,50000,21000,6000,1500,78500,6000,0,72500
STF-0153,Naga Raju Pandey,Male,1983-03-25,9184446671,naga.raju.pandey.0153@aits.acadmix.org,"Flat 303, Tolichowki, Hyderabad, Telangana",Assistant Professor,dept-mech,MECH,faculty,True,2019-06-24,7,M.Tech,B.Tech,Thermal Engineering,University of Hyderabad,Active,50000,21000,6000,1500,78500,6000,0,72500
STF-0154,Bhargavi Prasad,Female,1983-09-03,9669732591,bhargavi.prasad.0154@aits.acadmix.org,"Flat 362, KPHB, Hyderabad, Telangana",Assistant Professor,dept-mech,MECH,faculty,True,2024-09-14,2,M.Tech,B.Tech,Manufacturing,JNTUK,Active,50000,21000,6000,1500,78500,6000,0,72500
STF-0155,Jyothi Pillai,Female,1971-05-19,9286293158,jyothi.pillai.0155@aits.acadmix.org,"Flat 409, Miyapur, Hyderabad, Telangana",Assistant Professor,dept-mech,MECH,faculty,True,2024-07-10,2,M.E,B.Tech,Thermal Engineering,University of Pune,Active,50000,21000,6000,1500,78500,6000,0,72500
STF-0156,Ranjith Kumar Agarwal,Male,1982-07-01,9831361497,ranjith.kumar.agar.0156@aits.acadmix.org,"Flat 390, Banjara Hills, Hyderabad, Telangana",Assistant Professor,dept-mech,MECH,faculty,True,2023-02-15,3,M.E,B.Tech,Manufacturing,JNTUK,Active,50000,21000,6000,1500,78500,6000,0,72500
STF-0157,Pooja Subramaniam,Female,1983-10-15,9425150964,pooja.subramaniam.0157@aits.acadmix.org,"Flat 241, SR Nagar, Hyderabad, Telangana",Assistant Professor,dept-mech,MECH,faculty,True,2016-08-18,10,M.E,B.Tech,Industrial Engineering,IIT Kharagpur,Active,50000,21000,6000,1500,78500,6000,0,72500
STF-0158,Suresh Kumar Sharma,Male,1972-01-19,9495928981,suresh.kumar.sharm.0158@aits.acadmix.org,"Flat 247, Alwal, Hyderabad, Telangana",Assistant Professor,dept-mech,MECH,faculty,True,2023-03-25,3,M.E,B.Tech,Industrial Engineering,Manipal University,Active,50000,21000,6000,1500,78500,6000,0,72500
STF-0159,Praveen Kumar Balasubramaniam,Male,1976-06-11,9144047803,praveen.kumar.bala.0159@aits.acadmix.org,"Flat 331, Masab Tank, Hyderabad, Telangana",Assistant Professor,dept-mech,MECH,faculty,True,2022-05-30,4,M.S,B.Tech,Manufacturing,University of Pune,Active,50000,21000,6000,1500,78500,6000,0,72500
STF-0160,Sujatha Agarwal,Female,1990-08-19,9211134294,sujatha.agarwal.0160@aits.acadmix.org,"Flat 276, Madhapur, Hyderabad, Telangana",Assistant Professor,dept-mech,MECH,faculty,True,2016-12-11,10,M.Tech,B.Tech,Thermal Engineering,IIT Madras,Active,50000,21000,6000,1500,78500,6000,0,72500
STF-0161,Gopal Krishna Pandey,Male,1984-09-21,9661296425,gopal.krishna.pand.0161@aits.acadmix.org,"Flat 413, Kukatpally, Hyderabad, Telangana",Assistant Professor,dept-mech,MECH,faculty,True,2020-01-30,6,M.E,B.Tech,Manufacturing,VIT Vellore,Active,50000,21000,6000,1500,78500,6000,0,72500
STF-0162,Hari Babu Subramaniam,Male,1972-03-28,9795038832,hari.babu.subraman.0162@aits.acadmix.org,"Flat 272, Alwal, Hyderabad, Telangana",Assistant Professor,dept-mech,MECH,faculty,True,2019-09-12,7,M.E,B.Tech,Industrial Engineering,VIT Vellore,Active,50000,21000,6000,1500,78500,6000,0,72500
STF-0163,Lakshmana Rao Krishnan,Male,1983-09-10,9187512088,lakshmana.rao.kris.0163@aits.acadmix.org,"Flat 399, Jubilee Hills, Hyderabad, Telangana",Assistant Professor,dept-mech,MECH,faculty,True,2017-08-02,9,M.Tech,B.Tech,Manufacturing,VIT Vellore,Active,50000,21000,6000,1500,78500,6000,0,72500
STF-0164,Venkateswara Rao Desai,Male,1982-09-25,9700138002,venkateswara.rao.d.0164@aits.acadmix.org,"Flat 293, Banjara Hills, Hyderabad, Telangana",Assistant Professor,dept-mech,MECH,faculty,True,2024-11-16,2,M.Tech,B.Tech,Thermal Engineering,Manipal University,Active,50000,21000,6000,1500,78500,6000,0,72500
STF-0165,Phani Kumar Tripathi,Male,1976-02-01,9488509962,phani.kumar.tripat.0165@aits.acadmix.org,"Flat 110, AS Rao Nagar, Hyderabad, Telangana",Assistant Professor,dept-mech,MECH,faculty,True,2019-06-19,7,M.E,B.Tech,Thermal Engineering,University of Hyderabad,Active,50000,21000,6000,1500,78500,6000,0,72500
STF-0166,Usha Rani Babu,Female,1972-07-15,9182855381,usha.rani.babu.0166@aits.acadmix.org,"Flat 252, Tolichowki, Hyderabad, Telangana",Assistant Professor,dept-mech,MECH,faculty,True,2024-11-02,2,M.Tech,B.Tech,Industrial Engineering,Manipal University,Active,50000,21000,6000,1500,78500,6000,0,72500
STF-0167,Sunil Kumar Venkataramana,Male,1974-12-02,9763606238,sunil.kumar.venkat.0167@aits.acadmix.org,"Flat 168, Begumpet, Hyderabad, Telangana",Professor & HOD,dept-civil,CIVIL,hod,True,2013-03-24,13,M.S,B.Tech,Geotechnical Engineering,JNTUA,Active,95000,39900,15200,2500,152600,11400,0,141200
STF-0168,Ramesh Babu Anand,Male,1978-08-27,9569948247,ramesh.babu.anand.0168@aits.acadmix.org,"Flat 123, Nacharam, Hyderabad, Telangana",Professor,dept-civil,CIVIL,faculty,True,2013-02-01,13,Ph.D,M.S,Transportation Engineering,NIT Trichy,Active,85000,35700,13600,2500,136800,10200,0,126600
STF-0169,Satish Kumar Singh,Male,1989-01-14,9356805216,satish.kumar.singh.0169@aits.acadmix.org,"Flat 259, Himayatnagar, Hyderabad, Telangana",Professor,dept-civil,CIVIL,faculty,True,2018-01-26,8,Ph.D,M.S,Geotechnical Engineering,BITS Pilani,Active,85000,35700,13600,2500,136800,10200,0,126600
STF-0170,Gopal Krishna Joshi,Male,1990-07-23,9926178355,gopal.krishna.josh.0170@aits.acadmix.org,"Flat 245, Kondapur, Hyderabad, Telangana",Associate Professor,dept-civil,CIVIL,faculty,True,2016-04-13,10,Ph.D,M.Tech,Transportation Engineering,JNTUA,Active,70000,29400,9800,2000,111200,8400,0,102800
STF-0171,Bhaskar Rao Goud,Male,1992-11-15,9156027635,bhaskar.rao.goud.0171@aits.acadmix.org,"Flat 429, LB Nagar, Hyderabad, Telangana",Associate Professor,dept-civil,CIVIL,faculty,True,2016-02-29,10,Ph.D,M.Tech,Structural Engineering,Manipal University,Active,70000,29400,9800,2000,111200,8400,0,102800
STF-0172,Siva Kumar Yadav,Male,1972-02-11,9582452834,siva.kumar.yadav.0172@aits.acadmix.org,"Flat 363, Miyapur, Hyderabad, Telangana",Associate Professor,dept-civil,CIVIL,faculty,True,2016-11-26,10,Ph.D,M.E,Geotechnical Engineering,Jawaharlal Nehru University,Active,70000,29400,9800,2000,111200,8400,0,102800
STF-0173,Ramana Rao Sharma,Male,1985-04-27,9525689202,ramana.rao.sharma.0173@aits.acadmix.org,"Flat 358, AS Rao Nagar, Hyderabad, Telangana",Associate Professor,dept-civil,CIVIL,faculty,True,2014-08-23,12,Ph.D,M.Tech,Structural Engineering,BITS Pilani,Active,70000,29400,9800,2000,111200,8400,0,102800
STF-0174,Jayasree Varma,Female,1974-07-20,9867407868,jayasree.varma.0174@aits.acadmix.org,"Flat 433, Sainikpuri, Hyderabad, Telangana",Assistant Professor,dept-civil,CIVIL,faculty,True,2024-11-15,2,M.E,B.Tech,Geotechnical Engineering,IIT Madras,Active,50000,21000,6000,1500,78500,6000,0,72500
STF-0175,Brahmaiah Natarajan,Male,1989-01-15,9992398092,brahmaiah.nataraja.0175@aits.acadmix.org,"Flat 172, Kondapur, Hyderabad, Telangana",Assistant Professor,dept-civil,CIVIL,faculty,True,2023-11-29,3,M.Tech,B.Tech,Transportation Engineering,IIT Hyderabad,Active,50000,21000,6000,1500,78500,6000,0,72500
STF-0176,Lalitha Babu,Female,1986-12-26,9689274064,lalitha.babu.0176@aits.acadmix.org,"Flat 473, Begumpet, Hyderabad, Telangana",Assistant Professor,dept-civil,CIVIL,faculty,True,2021-12-01,5,M.Tech,B.Tech,Structural Engineering,NIT Trichy,Active,50000,21000,6000,1500,78500,6000,0,72500
STF-0177,Hari Babu Venkatesh,Male,1988-07-03,9550784243,hari.babu.venkates.0177@aits.acadmix.org,"Flat 428, Manikonda, Hyderabad, Telangana",Assistant Professor,dept-civil,CIVIL,faculty,True,2022-12-26,4,M.E,B.Tech,Structural Engineering,JNTUH,Active,50000,21000,6000,1500,78500,6000,0,72500
STF-0178,Srinivasa Rao Subramaniam,Male,1974-06-10,9653380476,srinivasa.rao.subr.0178@aits.acadmix.org,"Flat 395, Bachupally, Hyderabad, Telangana",Assistant Professor,dept-civil,CIVIL,faculty,True,2024-01-22,2,M.Tech,B.Tech,Environmental Engineering,Anna University,Active,50000,21000,6000,1500,78500,6000,0,72500
STF-0179,Hemanth Kumar Arora,Male,1971-11-03,9547286055,hemanth.kumar.aror.0179@aits.acadmix.org,"Flat 196, Jubilee Hills, Hyderabad, Telangana",Assistant Professor,dept-civil,CIVIL,faculty,True,2023-06-30,3,M.S,B.Tech,Environmental Engineering,IIT Kharagpur,Active,50000,21000,6000,1500,78500,6000,0,72500
STF-0180,Rakesh Kumar Kaur,Male,1969-12-14,9121833792,rakesh.kumar.kaur.0180@aits.acadmix.org,"Flat 300, Tolichowki, Hyderabad, Telangana",Assistant Professor,dept-civil,CIVIL,faculty,True,2021-04-09,5,M.E,B.Tech,Transportation Engineering,BITS Pilani,Active,50000,21000,6000,1500,78500,6000,0,72500
STF-0181,Harikrishna Naidu,Male,1972-08-25,9470228863,harikrishna.naidu.0181@aits.acadmix.org,"Flat 224, Gachibowli, Hyderabad, Telangana",Assistant Professor,dept-civil,CIVIL,faculty,True,2023-05-15,3,M.Tech,B.Tech,Environmental Engineering,JNTUK,Active,50000,21000,6000,1500,78500,6000,0,72500
STF-0182,Deepika Balaji,Female,1989-06-19,9288000513,deepika.balaji.0182@aits.acadmix.org,"Flat 499, Jubilee Hills, Hyderabad, Telangana",Assistant Professor,dept-common,COMMON,faculty_maths,True,2020-06-03,6,M.Tech,B.Tech,Physics,JNTUK,Active,50000,21000,6000,1500,78500,6000,0,72500
STF-0183,Srinath Kumar,Male,1969-11-17,9415081566,srinath.kumar.0183@aits.acadmix.org,"Flat 204, Kompally, Hyderabad, Telangana",Assistant Professor,dept-common,COMMON,faculty_maths,True,2014-06-23,12,M.S,B.Tech,Chemistry,NIT Trichy,Active,50000,21000,6000,1500,78500,6000,0,72500
STF-0184,Nagamani Singh,Female,1980-10-31,9608309128,nagamani.singh.0184@aits.acadmix.org,"Flat 230, Kompally, Hyderabad, Telangana",Assistant Professor,dept-common,COMMON,faculty_maths,True,2014-04-15,12,M.S,B.Tech,Chemistry,IIT Madras,Active,50000,21000,6000,1500,78500,6000,0,72500
STF-0185,Madhavi Sundaram,Female,1985-05-05,9569172971,madhavi.sundaram.0185@aits.acadmix.org,"Flat 305, Gachibowli, Hyderabad, Telangana",Assistant Professor,dept-common,COMMON,faculty_maths,True,2019-11-12,7,M.E,B.Tech,Chemistry,JNTUA,Active,50000,21000,6000,1500,78500,6000,0,72500
STF-0186,Jagadeesh Pandey,Male,1971-07-17,9386389162,jagadeesh.pandey.0186@aits.acadmix.org,"Flat 143, Gachibowli, Hyderabad, Telangana",Assistant Professor,dept-common,COMMON,faculty_maths,True,2019-07-10,7,M.S,B.Tech,English & Communication,JNTUA,Active,50000,21000,6000,1500,78500,6000,0,72500
STF-0187,Radhika Chowdary,Female,1988-01-01,9452101316,radhika.chowdary.0187@aits.acadmix.org,"Flat 439, Quthbullapur, Hyderabad, Telangana",Assistant Professor,dept-common,COMMON,faculty_maths,True,2016-11-15,10,M.Tech,B.Tech,Environmental Science,Anna University,Active,50000,21000,6000,1500,78500,6000,0,72500
STF-0188,Deepak Rao Agarwal,Male,1995-07-31,9145478504,deepak.rao.agarwal.0188@aits.acadmix.org,"Flat 473, Tolichowki, Hyderabad, Telangana",Assistant Professor,dept-common,COMMON,faculty_physics,True,2017-11-28,9,M.S,B.Tech,English & Communication,NIT Warangal,Active,50000,21000,6000,1500,78500,6000,0,72500
STF-0189,Chandra Sekhar Naidu,Male,1991-01-06,9820678212,chandra.sekhar.nai.0189@aits.acadmix.org,"Flat 427, Uppal, Hyderabad, Telangana",Assistant Professor,dept-common,COMMON,faculty_physics,True,2018-02-24,8,M.Tech,B.Tech,Physics,IIT Hyderabad,Active,50000,21000,6000,1500,78500,6000,0,72500
STF-0190,Gopal Krishna Kumar,Male,1984-03-30,9235538456,gopal.krishna.kuma.0190@aits.acadmix.org,"Flat 135, Bachupally, Hyderabad, Telangana",Assistant Professor,dept-common,COMMON,faculty_physics,True,2018-03-20,8,M.S,B.Tech,English & Communication,IIT Madras,Active,50000,21000,6000,1500,78500,6000,0,72500
STF-0191,Pooja Sundaram,Female,1993-09-29,9499446327,pooja.sundaram.0191@aits.acadmix.org,"Flat 328, Kondapur, Hyderabad, Telangana",Assistant Professor,dept-common,COMMON,faculty_chemistry,True,2011-09-22,15,M.E,B.Tech,Physics,Manipal University,Active,50000,21000,6000,1500,78500,6000,0,72500
STF-0192,Nandini Yadav,Female,1990-05-21,9368018471,nandini.yadav.0192@aits.acadmix.org,"Flat 159, Secunderabad, Hyderabad, Telangana",Assistant Professor,dept-common,COMMON,faculty_chemistry,True,2014-03-05,12,M.S,B.Tech,Environmental Science,VIT Vellore,Active,50000,21000,6000,1500,78500,6000,0,72500
STF-0193,Madhuri Goud,Female,1990-01-12,9855954847,madhuri.goud.0193@aits.acadmix.org,"Flat 329, KPHB, Hyderabad, Telangana",Assistant Professor,dept-common,COMMON,faculty_chemistry,True,2016-05-28,10,M.Tech,B.Tech,Physics,JNTUH,Active,50000,21000,6000,1500,78500,6000,0,72500
STF-0194,Venkat Reddy Nair,Male,1983-08-02,9865975088,venkat.reddy.nair.0194@aits.acadmix.org,"Flat 328, Alwal, Hyderabad, Telangana",Assistant Professor,dept-common,COMMON,faculty_english,True,2017-03-03,9,M.E,B.Tech,Mathematics,NIT Trichy,Active,50000,21000,6000,1500,78500,6000,0,72500
STF-0195,Naresh Kumar Sundaram,Male,1974-03-25,9646272321,naresh.kumar.sunda.0195@aits.acadmix.org,"Flat 215, Medchal, Hyderabad, Telangana",Assistant Professor,dept-common,COMMON,faculty_english,True,2014-07-05,12,M.Tech,B.Tech,Physics,University of Pune,Active,50000,21000,6000,1500,78500,6000,0,72500
STF-0196,Pavani Sundaram,Female,1970-12-13,9601873197,pavani.sundaram.0196@aits.acadmix.org,"Flat 383, Miyapur, Hyderabad, Telangana",Assistant Professor,dept-common,COMMON,faculty_english,True,2011-12-08,15,M.S,B.Tech,Chemistry,VIT Vellore,Active,50000,21000,6000,1500,78500,6000,0,72500
STF-0197,Tarun Kumar Patel,Male,1971-04-23,9925884151,tarun.kumar.patel.0197@aits.acadmix.org,"Flat 310, Attapur, Hyderabad, Telangana",Assistant Professor,dept-common,COMMON,faculty_english,True,2022-11-23,4,M.S,B.Tech,Physics,University of Hyderabad,Active,50000,21000,6000,1500,78500,6000,0,72500
STF-0198,Sandhya Ganesh,Female,1994-05-14,9655511084,sandhya.ganesh.0198@aits.acadmix.org,"Flat 277, Miyapur, Hyderabad, Telangana",Assistant Professor,dept-common,COMMON,faculty_evs,True,2022-05-14,4,M.E,B.Tech,Physics,JNTUK,Active,50000,21000,6000,1500,78500,6000,0,72500
STF-0199,Chandra Sekhar Prasad,Male,1975-04-07,9656307931,chandra.sekhar.pra.0199@aits.acadmix.org,"Flat 179, Quthbullapur, Hyderabad, Telangana",Assistant Professor,dept-common,COMMON,faculty_evs,True,2013-09-10,13,M.E,B.Tech,Chemistry,Andhra University,Active,50000,21000,6000,1500,78500,6000,0,72500
STF-0200,Varun Kumar Patil,Male,1980-04-23,9184675178,varun.kumar.patil.0200@aits.acadmix.org,"Flat 229, KPHB, Hyderabad, Telangana",Physical Education Director,dept-common,COMMON,faculty_pe,True,2022-05-10,4,M.S,B.Tech,Physics,NIT Trichy,Active,45000,18900,4500,1000,69400,5400,0,64000
STF-0201,Rakesh Kumar Balaji,Male,1975-09-05,9281071418,rakesh.kumar.balaj.0201@aits.acadmix.org,"Flat 404, Himayatnagar, Hyderabad, Telangana",Physical Education Director,dept-common,COMMON,faculty_pe,True,2013-06-17,13,M.S,B.Tech,Environmental Science,University of Hyderabad,Active,45000,18900,4500,1000,69400,5400,0,64000
STF-0202,Rajendra Prasad Rao,Male,1993-11-14,9187212377,rajendra.prasad.ra.0202@aits.acadmix.org,"Flat 124, Himayatnagar, Hyderabad, Telangana",Office Superintendent,dept-admin,ADMIN,admin,False,2012-08-06,14,M.S,B.Tech,Data Science,Osmania University,Active,45000,18900,4500,1000,69400,5400,0,64000
STF-0203,Aruna Subramaniam,Female,1980-12-28,9132519237,aruna.subramaniam.0203@aits.acadmix.org,"Flat 355, Mehdipatnam, Hyderabad, Telangana",Admin Clerk,dept-admin,ADMIN,admin,False,2022-03-28,4,M.Tech,B.Tech,Data Science,University of Pune,Active,28000,11760,2800,800,43360,3360,0,40000
STF-0204,Sirisha Joshi,Female,1987-09-20,9178354184,sirisha.joshi.0204@aits.acadmix.org,"Flat 453, Kompally, Hyderabad, Telangana",Admin Clerk,dept-admin,ADMIN,admin,False,2013-07-18,13,M.E,B.Tech,Computer Networks,University of Pune,Active,28000,11760,2800,800,43360,3360,0,40000
STF-0205,Sunil Kumar Kapoor,Male,1983-06-29,9254263081,sunil.kumar.kapoor.0205@aits.acadmix.org,"Flat 261, Tolichowki, Hyderabad, Telangana",Admin Clerk,dept-admin,ADMIN,admin,False,2017-02-28,9,M.E,B.Tech,Computer Networks,JNTUK,Active,28000,11760,2800,800,43360,3360,0,40000
STF-0206,Balaji Venkatesh,Male,1979-02-13,9600871106,balaji.venkatesh.0206@aits.acadmix.org,"Flat 163, Nizampet, Hyderabad, Telangana",Admin Clerk,dept-admin,ADMIN,admin,False,2020-02-01,6,M.Tech,B.Tech,Software Engineering,JNTUH,Active,28000,11760,2800,800,43360,3360,0,40000
STF-0207,Divya Malhotra,Female,1982-09-08,9548968760,divya.malhotra.0207@aits.acadmix.org,"Flat 228, Himayatnagar, Hyderabad, Telangana",Admin Clerk,dept-admin,ADMIN,admin,False,2013-08-01,13,M.Tech,B.Tech,Artificial Intelligence,University of Hyderabad,Active,28000,11760,2800,800,43360,3360,0,40000
STF-0208,Siva Kumar Sinha,Male,1990-04-23,9652681586,siva.kumar.sinha.0208@aits.acadmix.org,"Flat 340, LB Nagar, Hyderabad, Telangana",Exam Cell Staff,dept-admin,ADMIN,exam_cell,False,2015-06-17,11,M.E,B.Tech,Computer Science & Engineering,IIT Kharagpur,Active,28000,11760,2800,800,43360,3360,0,40000
STF-0209,Rakesh Kumar Joshi,Male,1970-03-08,9358480413,rakesh.kumar.joshi.0209@aits.acadmix.org,"Flat 211, SR Nagar, Hyderabad, Telangana",Exam Cell Staff,dept-admin,ADMIN,exam_cell,False,2015-12-16,11,M.E,B.Tech,Computer Science & Engineering,NIT Trichy,Active,28000,11760,2800,800,43360,3360,0,40000
STF-0210,Brahmaiah Patil,Male,1987-05-01,9676267306,brahmaiah.patil.0210@aits.acadmix.org,"Flat 105, Tolichowki, Hyderabad, Telangana",Exam Cell Staff,dept-admin,ADMIN,exam_cell,False,2013-03-16,13,M.S,B.Tech,Software Engineering,NIT Warangal,Active,28000,11760,2800,800,43360,3360,0,40000
STF-0211,Sreedevi Hegde,Female,1993-07-31,9492922240,sreedevi.hegde.0211@aits.acadmix.org,"Flat 124, Uppal, Hyderabad, Telangana",Fee Collector,dept-admin,ADMIN,finance,False,2012-07-28,14,M.E,B.Tech,Artificial Intelligence,Osmania University,Active,30000,12600,3000,800,46400,3600,0,42800
STF-0212,Annapurna Bhat,Female,1980-07-18,9641440255,annapurna.bhat.0212@aits.acadmix.org,"Flat 331, Kondapur, Hyderabad, Telangana",Fee Collector,dept-admin,ADMIN,finance,False,2018-03-02,8,M.Tech,B.Tech,Artificial Intelligence,JNTUH,Active,30000,12600,3000,800,46400,3600,0,42800
STF-0213,Murali Krishna Sundaram,Male,1974-06-21,9953514394,murali.krishna.sun.0213@aits.acadmix.org,"Flat 274, Ameerpet, Hyderabad, Telangana",Fee Collector,dept-admin,ADMIN,finance,False,2016-02-06,10,M.E,B.Tech,Software Engineering,Manipal University,Active,30000,12600,3000,800,46400,3600,0,42800
STF-0214,Rakesh Kumar Kumar,Male,1989-04-01,9148644109,rakesh.kumar.kumar.0214@aits.acadmix.org,"Flat 120, Miyapur, Hyderabad, Telangana",Chief Librarian,dept-admin,ADMIN,librarian,False,2010-11-14,16,M.Tech,B.Tech,Artificial Intelligence,Jawaharlal Nehru University,Active,55000,23100,6600,1500,86200,6600,0,79600
STF-0215,Prasanna Tripathi,Female,1982-04-15,9250088694,prasanna.tripathi.0215@aits.acadmix.org,"Flat 268, Masab Tank, Hyderabad, Telangana",Assistant Librarian,dept-admin,ADMIN,librarian,False,2015-06-09,11,M.S,B.Tech,Software Engineering,VIT Vellore,Active,35000,14700,3500,1000,54200,4200,0,50000
STF-0216,Aparna Desai,Female,1991-11-17,9737506993,aparna.desai.0216@aits.acadmix.org,"Flat 273, Vanasthalipuram, Hyderabad, Telangana",Assistant Librarian,dept-admin,ADMIN,librarian,False,2020-09-18,6,M.E,B.Tech,Computer Networks,NIT Trichy,Active,35000,14700,3500,1000,54200,4200,0,50000
STF-0217,Srinivasa Rao Sundaram,Male,1994-03-08,9455665802,srinivasa.rao.sund.0217@aits.acadmix.org,"Flat 445, Medchal, Hyderabad, Telangana",Hostel Warden,dept-admin,ADMIN,warden,False,2014-09-03,12,M.S,B.Tech,Data Science,IIT Hyderabad,Active,45000,18900,4500,1000,69400,5400,0,64000
STF-0218,Brahmaiah Goud,Male,1993-11-28,9803935444,brahmaiah.goud.0218@aits.acadmix.org,"Flat 501, Kondapur, Hyderabad, Telangana",Hostel Warden,dept-admin,ADMIN,warden,False,2018-06-27,8,M.S,B.Tech,Software Engineering,IIT Madras,Active,45000,18900,4500,1000,69400,5400,0,64000
STF-0219,Ramya Gupta,Female,1985-01-20,9662890182,ramya.gupta.0219@aits.acadmix.org,"Flat 423, Gachibowli, Hyderabad, Telangana",Hostel Warden,dept-admin,ADMIN,warden,False,2016-12-13,10,M.Tech,B.Tech,Software Engineering,Andhra University,Active,45000,18900,4500,1000,69400,5400,0,64000
STF-0220,Pavani Natarajan,Female,1982-01-26,9217999418,pavani.natarajan.0220@aits.acadmix.org,"Flat 198, Secunderabad, Hyderabad, Telangana",Hostel Warden,dept-admin,ADMIN,warden,False,2016-12-11,10,M.E,B.Tech,Computer Networks,JNTUK,Active,45000,18900,4500,1000,69400,5400,0,64000
STF-0221,Ganesh Kumar Patel,Male,1970-10-17,9638824588,ganesh.kumar.patel.0221@aits.acadmix.org,"Flat 497, Begumpet, Hyderabad, Telangana",Transport In-charge,dept-admin,ADMIN,transport,False,2015-04-16,11,M.Tech,B.Tech,Software Engineering,Manipal University,Active,40000,16800,4000,1000,61800,4800,0,57000
STF-0222,Lokesh Kumar Iyer,Male,1982-01-27,9811060614,lokesh.kumar.iyer.0222@aits.acadmix.org,"Flat 345, Vanasthalipuram, Hyderabad, Telangana",NSS Officer,dept-admin,ADMIN,nss,True,2019-03-24,7,M.S,B.Tech,Software Engineering,Jawaharlal Nehru University,Active,35000,14700,3500,800,54000,4200,0,49800
STF-0223,Deepika Singh,Female,1995-05-14,9480412754,deepika.singh.0223@aits.acadmix.org,"Flat 447, Kondapur, Hyderabad, Telangana",NSS Officer,dept-admin,ADMIN,nss,True,2018-12-18,8,M.Tech,B.Tech,Computer Networks,Osmania University,Active,35000,14700,3500,800,54000,4200,0,49800
STF-0224,Vamsi Krishna Kaur,Male,1981-05-08,9420511037,vamsi.krishna.kaur.0224@aits.acadmix.org,"Flat 216, Himayatnagar, Hyderabad, Telangana",Lab Technician,dept-cse,CSE,lab_tech,False,2022-11-29,4,M.S,B.Tech,Data Science,Osmania University,Active,30000,12600,3000,800,46400,3600,0,42800
STF-0225,Aditya Kumar Iyer,Male,1980-04-07,9615185000,aditya.kumar.iyer.0225@aits.acadmix.org,"Flat 279, Ameerpet, Hyderabad, Telangana",Lab Technician,dept-cse,CSE,lab_tech,False,2022-06-21,4,M.S,B.Tech,Data Science,JNTUH,Active,30000,12600,3000,800,46400,3600,0,42800
STF-0226,Nikhil Kumar Bhat,Male,1974-07-27,9523625992,nikhil.kumar.bhat.0226@aits.acadmix.org,"Flat 277, Himayatnagar, Hyderabad, Telangana",Lab Technician,dept-cse,CSE,lab_tech,False,2020-09-01,6,M.E,B.Tech,Data Science,IIT Madras,Active,30000,12600,3000,800,46400,3600,0,42800
STF-0227,Venkateswara Rao Menon,Male,1989-06-28,9574997731,venkateswara.rao.m.0227@aits.acadmix.org,"Flat 436, Nizampet, Hyderabad, Telangana",Lab Technician,dept-et,ET,lab_tech,False,2020-05-19,6,M.S,B.Tech,Machine Learning,Osmania University,Active,30000,12600,3000,800,46400,3600,0,42800
STF-0228,Tirupathi Rao Kaur,Male,1995-08-14,9847508242,tirupathi.rao.kaur.0228@aits.acadmix.org,"Flat 240, Miyapur, Hyderabad, Telangana",Lab Technician,dept-et,ET,lab_tech,False,2013-03-23,13,M.Tech,B.Tech,Information Technology,Andhra University,Active,30000,12600,3000,800,46400,3600,0,42800
STF-0229,Hari Babu Ramesh,Male,1970-05-10,9670201461,hari.babu.ramesh.0229@aits.acadmix.org,"Flat 216, Banjara Hills, Hyderabad, Telangana",Lab Technician,dept-et,ET,lab_tech,False,2014-08-11,12,M.E,B.Tech,Artificial Intelligence,Anna University,Active,30000,12600,3000,800,46400,3600,0,42800
STF-0230,Brahmaiah Varma,Male,1992-09-07,9831424323,brahmaiah.varma.0230@aits.acadmix.org,"Flat 495, Miyapur, Hyderabad, Telangana",Lab Technician,dept-ece,ECE,lab_tech,False,2012-01-22,14,M.S,B.Tech,VLSI Design,Anna University,Active,30000,12600,3000,800,46400,3600,0,42800
STF-0231,Brahmaiah Mishra,Male,1980-11-19,9798510601,brahmaiah.mishra.0231@aits.acadmix.org,"Flat 203, Kondapur, Hyderabad, Telangana",Lab Technician,dept-ece,ECE,lab_tech,False,2022-10-23,4,M.S,B.Tech,Embedded Systems,NIT Trichy,Active,30000,12600,3000,800,46400,3600,0,42800
STF-0232,Chandra Sekhar Venkataramana,Male,1992-01-02,9196057712,chandra.sekhar.ven.0232@aits.acadmix.org,"Flat 434, SR Nagar, Hyderabad, Telangana",Lab Technician,dept-ece,ECE,lab_tech,False,2014-08-09,12,M.E,B.Tech,Electronics & Communication,JNTUA,Active,30000,12600,3000,800,46400,3600,0,42800
STF-0233,Naresh Kumar Kumar,Male,1976-05-10,9997866344,naresh.kumar.kumar.0233@aits.acadmix.org,"Flat 304, Manikonda, Hyderabad, Telangana",Lab Technician,dept-eee,EEE,lab_tech,False,2017-07-22,9,M.Tech,B.Tech,Control Systems,IIT Madras,Active,30000,12600,3000,800,46400,3600,0,42800
STF-0234,Nanda Kishore Arora,Male,1980-10-06,9747233283,nanda.kishore.aror.0234@aits.acadmix.org,"Flat 155, Masab Tank, Hyderabad, Telangana",Lab Technician,dept-eee,EEE,lab_tech,False,2015-10-04,11,M.E,B.Tech,Power Electronics,Manipal University,Active,30000,12600,3000,800,46400,3600,0,42800
STF-0235,Bhaskar Rao Tripathi,Male,1973-01-19,9602533479,bhaskar.rao.tripat.0235@aits.acadmix.org,"Flat 240, KPHB, Hyderabad, Telangana",Lab Technician,dept-mech,MECH,lab_tech,False,2021-01-25,5,M.S,B.Tech,Manufacturing,JNTUA,Active,30000,12600,3000,800,46400,3600,0,42800
STF-0236,Srinath Balaji,Male,1983-02-14,9376236056,srinath.balaji.0236@aits.acadmix.org,"Flat 468, Kukatpally, Hyderabad, Telangana",Lab Technician,dept-mech,MECH,lab_tech,False,2012-02-27,14,M.Tech,B.Tech,Manufacturing,Osmania University,Active,30000,12600,3000,800,46400,3600,0,42800
STF-0237,Naga Raju Shah,Male,1972-04-11,9653278397,naga.raju.shah.0237@aits.acadmix.org,"Flat 268, Alwal, Hyderabad, Telangana",Lab Technician,dept-mech,MECH,lab_tech,False,2016-06-29,10,M.E,B.Tech,Thermal Engineering,JNTUK,Active,30000,12600,3000,800,46400,3600,0,42800
STF-0238,Kalyan Kumar Venkatesh,Male,1988-01-15,9107333788,kalyan.kumar.venka.0238@aits.acadmix.org,"Flat 234, Uppal, Hyderabad, Telangana",Lab Technician,dept-civil,CIVIL,lab_tech,False,2014-08-22,12,M.E,B.Tech,Environmental Engineering,University of Hyderabad,Active,30000,12600,3000,800,46400,3600,0,42800
STF-0239,Ranjith Kumar Anand,Male,1984-02-16,9715122372,ranjith.kumar.anan.0239@aits.acadmix.org,"Flat 106, Nizampet, Hyderabad, Telangana",Lab Technician,dept-civil,CIVIL,lab_tech,False,2019-05-01,7,M.S,B.Tech,Geotechnical Engineering,IIT Madras,Active,30000,12600,3000,800,46400,3600,0,42800
STF-0240,Prasad Rao Joshi,Male,1990-07-17,9429430802,prasad.rao.joshi.0240@aits.acadmix.org,"Flat 182, Uppal, Hyderabad, Telangana",Lab Technician,dept-common,COMMON,lab_tech,False,2019-09-11,7,M.S,B.Tech,Chemistry,JNTUH,Active,30000,12600,3000,800,46400,3600,0,42800
STF-0241,Prudhvi Raj Sundaram,Male,1973-12-28,9759949050,prudhvi.raj.sundar.0241@aits.acadmix.org,"Flat 214, Bachupally, Hyderabad, Telangana",Lab Technician,dept-common,COMMON,lab_tech,False,2022-09-26,4,M.E,B.Tech,English & Communication,JNTUK,Active,30000,12600,3000,800,46400,3600,0,42800
STF-0242,Jagadeesh Patel,Male,1992-02-10,9853703117,jagadeesh.patel.0242@aits.acadmix.org,"Flat 382, Masab Tank, Hyderabad, Telangana",Lab Technician,dept-common,COMMON,lab_tech,False,2017-04-12,9,M.S,B.Tech,Physics,Andhra University,Active,30000,12600,3000,800,46400,3600,0,42800
STF-0243,Tarun Kumar Agarwal,Male,1993-04-22,9667121569,tarun.kumar.agarwa.0243@aits.acadmix.org,"Flat 461, AS Rao Nagar, Hyderabad, Telangana",Housekeeping / Attender,dept-admin,ADMIN,housekeeping,False,2011-10-02,15,M.S,B.Tech,Computer Science & Engineering,IIT Madras,Active,18000,7560,1440,500,27500,2160,0,25340
STF-0244,Girish Kumar Singh,Male,1987-10-27,9260902774,girish.kumar.singh.0244@aits.acadmix.org,"Flat 185, Sainikpuri, Hyderabad, Telangana",Housekeeping / Attender,dept-admin,ADMIN,housekeeping,False,2021-09-02,5,M.S,B.Tech,Computer Science & Engineering,Osmania University,Active,18000,7560,1440,500,27500,2160,0,25340
STF-0245,Vijaya Lakshmi Tripathi,Female,1991-01-09,9578333394,vijaya.lakshmi.tri.0245@aits.acadmix.org,"Flat 129, Dilsukhnagar, Hyderabad, Telangana",Housekeeping / Attender,dept-admin,ADMIN,housekeeping,False,2012-12-16,14,M.S,B.Tech,Computer Networks,Jawaharlal Nehru University,Active,18000,7560,1440,500,27500,2160,0,25340
STF-0246,Lokesh Kumar Joshi,Male,1985-10-05,9822378827,lokesh.kumar.joshi.0246@aits.acadmix.org,"Flat 258, Gachibowli, Hyderabad, Telangana",Housekeeping / Attender,dept-admin,ADMIN,housekeeping,False,2010-06-28,16,M.S,B.Tech,Data Science,IIT Hyderabad,Active,18000,7560,1440,500,27500,2160,0,25340
STF-0247,Ranjith Kumar Naidu,Male,1992-04-10,9148629555,ranjith.kumar.naid.0247@aits.acadmix.org,"Flat 317, AS Rao Nagar, Hyderabad, Telangana",Housekeeping / Attender,dept-admin,ADMIN,housekeeping,False,2011-06-07,15,M.E,B.Tech,Computer Science & Engineering,IIT Kharagpur,Active,18000,7560,1440,500,27500,2160,0,25340
STF-0248,Sai Kumar Patel,Male,1984-10-18,9293253475,sai.kumar.patel.0248@aits.acadmix.org,"Flat 494, Miyapur, Hyderabad, Telangana",Housekeeping / Attender,dept-admin,ADMIN,housekeeping,False,2019-06-06,7,M.E,B.Tech,Computer Networks,Jawaharlal Nehru University,Active,18000,7560,1440,500,27500,2160,0,25340
STF-0249,Vijaya Lakshmi Ganesh,Female,1973-04-27,9810594320,vijaya.lakshmi.gan.0249@aits.acadmix.org,"Flat 377, Miyapur, Hyderabad, Telangana",Housekeeping / Attender,dept-admin,ADMIN,housekeeping,False,2017-10-19,9,M.S,B.Tech,Software Engineering,VIT Vellore,Active,18000,7560,1440,500,27500,2160,0,25340
STF-0250,Srikanth Reddy,Male,1992-06-03,9911941471,srikanth.reddy.0250@aits.acadmix.org,"Flat 112, Quthbullapur, Hyderabad, Telangana",Housekeeping / Attender,dept-admin,ADMIN,housekeeping,False,2020-05-20,6,M.Tech,B.Tech,Computer Networks,VIT Vellore,Active,18000,7560,1440,500,27500,2160,0,25340
STF-0251,Srinath Menon,Male,1969-06-11,9266560311,srinath.menon.0251@aits.acadmix.org,"Flat 242, KPHB, Hyderabad, Telangana",Housekeeping / Attender,dept-admin,ADMIN,housekeeping,False,2012-07-13,14,M.Tech,B.Tech,Computer Networks,IIT Hyderabad,Active,18000,7560,1440,500,27500,2160,0,25340
STF-0252,Satyanarayana Varma,Male,1970-03-08,9737742679,satyanarayana.varm.0252@aits.acadmix.org,"Flat 118, Dilsukhnagar, Hyderabad, Telangana",Housekeeping / Attender,dept-admin,ADMIN,housekeeping,False,2023-05-30,3,M.E,B.Tech,Software Engineering,IIT Madras,Active,18000,7560,1440,500,27500,2160,0,25340
STF-0253,Vasantha Singh,Female,1974-04-14,9333291033,vasantha.singh.0253@aits.acadmix.org,"Flat 487, Tolichowki, Hyderabad, Telangana",Housekeeping / Attender,dept-admin,ADMIN,housekeeping,False,2011-04-08,15,M.Tech,B.Tech,Artificial Intelligence,NIT Trichy,Active,18000,7560,1440,500,27500,2160,0,25340
STF-0254,Pavani Kapoor,Female,1978-08-17,9929506584,pavani.kapoor.0254@aits.acadmix.org,"Flat 445, Attapur, Hyderabad, Telangana",Housekeeping / Attender,dept-admin,ADMIN,housekeeping,False,2017-03-11,9,M.S,B.Tech,Data Science,JNTUK,Active,18000,7560,1440,500,27500,2160,0,25340
STF-0255,Sudhakar Desai,Male,1975-11-09,9395444277,sudhakar.desai.0255@aits.acadmix.org,"Flat 132, Ameerpet, Hyderabad, Telangana",Housekeeping / Attender,dept-admin,ADMIN,housekeeping,False,2023-04-09,3,M.Tech,B.Tech,Computer Networks,University of Pune,Active,18000,7560,1440,500,27500,2160,0,25340
STF-0256,Nandini Ramesh,Female,1986-09-04,9509261668,nandini.ramesh.0256@aits.acadmix.org,"Flat 503, Vanasthalipuram, Hyderabad, Telangana",Housekeeping / Attender,dept-admin,ADMIN,housekeeping,False,2017-02-24,9,M.E,B.Tech,Computer Networks,JNTUK,Active,18000,7560,1440,500,27500,2160,0,25340
STF-0257,Kavitha Chandrasekhar,Female,1981-06-28,9677596076,kavitha.chandrasek.0257@aits.acadmix.org,"Flat 343, Bachupally, Hyderabad, Telangana",Housekeeping / Attender,dept-admin,ADMIN,housekeeping,False,2015-01-21,11,M.Tech,B.Tech,Software Engineering,Jawaharlal Nehru University,Active,18000,7560,1440,500,27500,2160,0,25340
