id,college_id,department_id,semester,name,credits,type,subject_code,regulation_year,hours_per_week,course_category,lecture_hrs,tutorial_hrs,practical_hrs,is_mooc,mooc_platform,mooc_credit_equiv
subj-0001,aits-hyd-001,dept-cse,1,Linear Algebra & Calculus,4,Theory,22MA1101,R22,4,core,3,1,0,False,,
subj-0002,aits-hyd-001,dept-cse,1,Applied Physics,4,Theory,22PH1101,R22,3,core,3,0,0,False,,
subj-0003,aits-hyd-001,dept-cse,1,Programming for Problem Solving (C),3,Theory,22CS1101,R22,3,core,3,0,0,False,,
subj-0004,aits-hyd-001,dept-cse,1,Programming for Problem Solving Lab,1,Lab,22CS1102,R22,3,core,0,0,3,False,,
subj-0005,aits-hyd-001,dept-cse,1,English - I,2,Theory,22EN1101,R22,2,aec,2,0,0,False,,
subj-0006,aits-hyd-001,dept-cse,1,Engineering Drawing,2,Lab,22ME1101,R22,3,core,1,0,2,False,,
subj-0007,aits-hyd-001,dept-cse,1,Applied Physics Lab,1,Lab,22PH1102,R22,2,core,0,0,2,False,,
subj-0008,aits-hyd-001,dept-cse,2,"Probability, Statistics & Numerical Methods",4,Theory,22MA1201,R22,4,core,3,1,0,False,,
subj-0009,aits-hyd-001,dept-cse,2,Engineering Chemistry,4,Theory,22CH1201,R22,3,core,3,0,0,False,,
subj-0010,aits-hyd-001,dept-cse,2,Basic Electrical Engineering,3,Theory,22EE1201,R22,3,core,3,0,0,False,,
subj-0011,aits-hyd-001,dept-cse,2,Basic Electrical Engineering Lab,1,Lab,22EE1202,R22,2,core,0,0,2,False,,
subj-0012,aits-hyd-001,dept-cse,2,English - II,2,Theory,22EN1201,R22,2,aec,2,0,0,False,,
subj-0013,aits-hyd-001,dept-cse,2,Data Structures,3,Theory,22CS1201,R22,3,core,3,0,0,False,,
subj-0014,aits-hyd-001,dept-cse,2,Data Structures Lab,1,Lab,22CS1202,R22,3,core,0,0,3,False,,
subj-0015,aits-hyd-001,dept-cse,2,Engineering Chemistry Lab,1,Lab,22CH1202,R22,2,core,0,0,2,False,,
subj-0016,aits-hyd-001,dept-cse,3,Discrete Mathematics,3,Theory,22CS3101,R22,3,core,3,0,0,False,,
subj-0017,aits-hyd-001,dept-cse,3,Object-Oriented Programming (Java),3,Theory,22CS3102,R22,3,core,3,0,0,False,,
subj-0018,aits-hyd-001,dept-cse,3,Digital Logic Design,3,Theory,22CS3103,R22,3,core,3,0,0,False,,
subj-0019,aits-hyd-001,dept-cse,3,Computer Organization,3,Theory,22CS3104,R22,3,core,3,0,0,False,,
subj-0020,aits-hyd-001,dept-cse,3,OOP Lab,2,Lab,22CS3105,R22,3,core,0,0,3,False,,
subj-0021,aits-hyd-001,dept-cse,3,Digital Logic Lab,1,Lab,22CS3106,R22,2,core,0,0,2,False,,
subj-0022,aits-hyd-001,dept-cse,3,Managerial Economics & Financial Analysis,3,Theory,22HS3101,R22,3,sec,3,0,0,False,,
subj-0023,aits-hyd-001,dept-cse,4,Operating Systems,3,Theory,22CS4101,R22,3,core,3,0,0,False,,
subj-0024,aits-hyd-001,dept-cse,4,Database Management Systems,3,Theory,22CS4102,R22,3,core,3,0,0,False,,
subj-0025,aits-hyd-001,dept-cse,4,Design & Analysis of Algorithms,3,Theory,22CS4103,R22,4,core,3,1,0,False,,
subj-0026,aits-hyd-001,dept-cse,4,Software Engineering,3,Theory,22CS4104,R22,3,core,3,0,0,False,,
subj-0027,aits-hyd-001,dept-cse,4,OS & DBMS Lab,2,Lab,22CS4105,R22,3,core,0,0,3,False,,
subj-0028,aits-hyd-001,dept-cse,4,Python Programming Lab,1,Lab,22CS4106,R22,2,core,0,0,2,False,,
subj-0029,aits-hyd-001,dept-cse,4,Environmental Science,2,Theory,22HS4101,R22,2,mdc,2,0,0,False,,
subj-0030,aits-hyd-001,dept-cse,5,Computer Networks,3,Theory,22CS5101,R22,3,core,3,0,0,False,,
subj-0031,aits-hyd-001,dept-cse,5,Compiler Design,3,Theory,22CS5102,R22,3,core,3,0,0,False,,
subj-0032,aits-hyd-001,dept-cse,5,Formal Languages & Automata Theory,3,Theory,22CS5103,R22,4,core,3,1,0,False,,
subj-0033,aits-hyd-001,dept-cse,5,Web Technologies,3,Theory,22CS5104,R22,4,core,2,0,2,False,,
subj-0034,aits-hyd-001,dept-cse,5,Computer Networks Lab,2,Lab,22CS5105,R22,3,core,0,0,3,False,,
subj-0035,aits-hyd-001,dept-cse,5,Professional Elective - I,3,Theory,22CS5106,R22,3,elective,3,0,0,False,,
subj-0036,aits-hyd-001,dept-cse,5,Constitution of India,0,Theory,22MC5101,R22,2,mdc,2,0,0,False,,
subj-0037,aits-hyd-001,dept-cse,6,Artificial Intelligence,3,Theory,22CS6101,R22,3,core,3,0,0,False,,
subj-0038,aits-hyd-001,dept-cse,6,Cryptography & Network Security,3,Theory,22CS6102,R22,3,core,3,0,0,False,,
subj-0039,aits-hyd-001,dept-cse,6,Machine Learning,3,Theory,22CS6103,R22,3,core,3,0,0,False,,
subj-0040,aits-hyd-001,dept-cse,6,Cloud Computing,3,Theory,22CS6104,R22,3,core,3,0,0,False,,
subj-0041,aits-hyd-001,dept-cse,6,AI & ML Lab,2,Lab,22CS6105,R22,3,core,0,0,3,False,,
subj-0042,aits-hyd-001,dept-cse,6,Professional Elective - II,3,Theory,22CS6106,R22,3,elective,3,0,0,False,,
subj-0043,aits-hyd-001,dept-cse,6,Open Elective - I,3,Theory,22CS6107,R22,3,open_elective,3,0,0,False,,
subj-0044,aits-hyd-001,dept-cse,7,Big Data Analytics,3,Theory,22CS7101,R22,3,core,3,0,0,False,,
subj-0045,aits-hyd-001,dept-cse,7,Internet of Things,3,Theory,22CS7102,R22,3,core,3,0,0,False,,
subj-0046,aits-hyd-001,dept-cse,7,Professional Elective - III,3,Theory,22CS7103,R22,3,elective,3,0,0,False,,
subj-0047,aits-hyd-001,dept-cse,7,Open Elective - II,3,Theory,22CS7104,R22,3,open_elective,3,0,0,False,,
subj-0048,aits-hyd-001,dept-cse,7,Project - I,2,Lab,22CS7105,R22,4,core,0,0,4,False,,
subj-0049,aits-hyd-001,dept-cse,7,Seminar,2,Lab,22CS7106,R22,2,core,0,0,2,False,,
subj-0050,aits-hyd-001,dept-cse,8,Professional Elective - IV,3,Theory,22CS8101,R22,3,elective,3,0,0,False,,
subj-0051,aits-hyd-001,dept-cse,8,Project - II,8,Lab,22CS8102,R22,16,core,0,0,16,False,,
subj-0052,aits-hyd-001,dept-cse,8,Comprehensive Viva,2,Lab,22CS8103,R22,0,core,0,0,0,False,,
subj-0053,aits-hyd-001,dept-it,1,Linear Algebra & Calculus,4,Theory,22MA1101,R22,4,core,3,1,0,False,,
subj-0054,aits-hyd-001,dept-it,1,Applied Physics,4,Theory,22PH1101,R22,3,core,3,0,0,False,,
subj-0055,aits-hyd-001,dept-it,1,Programming for Problem Solving (C),3,Theory,22CS1101,R22,3,core,3,0,0,False,,
subj-0056,aits-hyd-001,dept-it,1,Programming for Problem Solving Lab,1,Lab,22CS1102,R22,3,core,0,0,3,False,,
subj-0057,aits-hyd-001,dept-it,1,English - I,2,Theory,22EN1101,R22,2,aec,2,0,0,False,,
subj-0058,aits-hyd-001,dept-it,1,Engineering Drawing,2,Lab,22ME1101,R22,3,core,1,0,2,False,,
subj-0059,aits-hyd-001,dept-it,1,Applied Physics Lab,1,Lab,22PH1102,R22,2,core,0,0,2,False,,
subj-0060,aits-hyd-001,dept-it,2,"Probability, Statistics & Numerical Methods",4,Theory,22MA1201,R22,4,core,3,1,0,False,,
subj-0061,aits-hyd-001,dept-it,2,Engineering Chemistry,4,Theory,22CH1201,R22,3,core,3,0,0,False,,
subj-0062,aits-hyd-001,dept-it,2,Basic Electrical Engineering,3,Theory,22EE1201,R22,3,core,3,0,0,False,,
subj-0063,aits-hyd-001,dept-it,2,Basic Electrical Engineering Lab,1,Lab,22EE1202,R22,2,core,0,0,2,False,,
subj-0064,aits-hyd-001,dept-it,2,English - II,2,Theory,22EN1201,R22,2,aec,2,0,0,False,,
subj-0065,aits-hyd-001,dept-it,2,Data Structures,3,Theory,22CS1201,R22,3,core,3,0,0,False,,
subj-0066,aits-hyd-001,dept-it,2,Data Structures Lab,1,Lab,22CS1202,R22,3,core,0,0,3,False,,
subj-0067,aits-hyd-001,dept-it,2,Engineering Chemistry Lab,1,Lab,22CH1202,R22,2,core,0,0,2,False,,
subj-0068,aits-hyd-001,dept-it,3,Discrete Mathematics,3,Theory,22IT3101,R22,3,core,3,0,0,False,,
subj-0069,aits-hyd-001,dept-it,3,Object-Oriented Programming (Java),3,Theory,22IT3102,R22,3,core,3,0,0,False,,
subj-0070,aits-hyd-001,dept-it,3,Digital Logic Design,3,Theory,22IT3103,R22,3,core,3,0,0,False,,
subj-0071,aits-hyd-001,dept-it,3,Computer Organization,3,Theory,22IT3104,R22,3,core,3,0,0,False,,
subj-0072,aits-hyd-001,dept-it,3,OOP Lab,2,Lab,22IT3105,R22,3,core,0,0,3,False,,
subj-0073,aits-hyd-001,dept-it,3,Digital Logic Lab,1,Lab,22IT3106,R22,2,core,0,0,2,False,,
subj-0074,aits-hyd-001,dept-it,3,Managerial Economics & Financial Analysis,3,Theory,22HS3101,R22,3,sec,3,0,0,False,,
subj-0075,aits-hyd-001,dept-it,4,Operating Systems,3,Theory,22IT4101,R22,3,core,3,0,0,False,,
subj-0076,aits-hyd-001,dept-it,4,Database Management Systems,3,Theory,22IT4102,R22,3,core,3,0,0,False,,
subj-0077,aits-hyd-001,dept-it,4,Design & Analysis of Algorithms,3,Theory,22IT4103,R22,4,core,3,1,0,False,,
subj-0078,aits-hyd-001,dept-it,4,Software Engineering,3,Theory,22IT4104,R22,3,core,3,0,0,False,,
subj-0079,aits-hyd-001,dept-it,4,OS & DBMS Lab,2,Lab,22IT4105,R22,3,core,0,0,3,False,,
subj-0080,aits-hyd-001,dept-it,4,Python Programming Lab,1,Lab,22IT4106,R22,2,core,0,0,2,False,,
subj-0081,aits-hyd-001,dept-it,4,Environmental Science,2,Theory,22HS4101,R22,2,mdc,2,0,0,False,,
subj-0082,aits-hyd-001,dept-it,5,Computer Networks,3,Theory,22IT5101,R22,3,core,3,0,0,False,,
subj-0083,aits-hyd-001,dept-it,5,Web Technologies,3,Theory,22IT5102,R22,4,core,2,0,2,False,,
subj-0084,aits-hyd-001,dept-it,5,Information Security,3,Theory,22IT5103,R22,3,core,3,0,0,False,,
subj-0085,aits-hyd-001,dept-it,5,Data Warehousing & Mining,3,Theory,22IT5104,R22,3,core,3,0,0,False,,
subj-0086,aits-hyd-001,dept-it,5,CN & Web Lab,2,Lab,22IT5105,R22,3,core,0,0,3,False,,
subj-0087,aits-hyd-001,dept-it,5,Professional Elective - I,3,Theory,22IT5106,R22,3,elective,3,0,0,False,,
subj-0088,aits-hyd-001,dept-it,5,Constitution of India,0,Theory,22MC5101,R22,2,mdc,2,0,0,False,,
subj-0089,aits-hyd-001,dept-it,6,Artificial Intelligence,3,Theory,22IT6101,R22,3,core,3,0,0,False,,
subj-0090,aits-hyd-001,dept-it,6,Cloud Computing,3,Theory,22IT6102,R22,3,core,3,0,0,False,,
subj-0091,aits-hyd-001,dept-it,6,Software Testing,3,Theory,22IT6103,R22,3,core,3,0,0,False,,
subj-0092,aits-hyd-001,dept-it,6,Mobile Application Development,3,Theory,22IT6104,R22,3,core,3,0,0,False,,
subj-0093,aits-hyd-001,dept-it,6,AI & Cloud Lab,2,Lab,22IT6105,R22,3,core,0,0,3,False,,
subj-0094,aits-hyd-001,dept-it,6,Professional Elective - II,3,Theory,22IT6106,R22,3,elective,3,0,0,False,,
subj-0095,aits-hyd-001,dept-it,6,Open Elective - I,3,Theory,22IT6107,R22,3,open_elective,3,0,0,False,,
subj-0096,aits-hyd-001,dept-it,7,DevOps & Automation,3,Theory,22IT7101,R22,3,core,3,0,0,False,,
subj-0097,aits-hyd-001,dept-it,7,Blockchain Technology,3,Theory,22IT7102,R22,3,core,3,0,0,False,,
subj-0098,aits-hyd-001,dept-it,7,Professional Elective - III,3,Theory,22IT7103,R22,3,elective,3,0,0,False,,
subj-0099,aits-hyd-001,dept-it,7,Open Elective - II,3,Theory,22IT7104,R22,3,open_elective,3,0,0,False,,
subj-0100,aits-hyd-001,dept-it,7,Project - I,2,Lab,22IT7105,R22,4,core,0,0,4,False,,
subj-0101,aits-hyd-001,dept-it,7,Seminar,2,Lab,22IT7106,R22,2,core,0,0,2,False,,
subj-0102,aits-hyd-001,dept-it,8,Professional Elective - IV,3,Theory,22IT8101,R22,3,elective,3,0,0,False,,
subj-0103,aits-hyd-001,dept-it,8,Project - II,8,Lab,22IT8102,R22,16,core,0,0,16,False,,
subj-0104,aits-hyd-001,dept-it,8,Comprehensive Viva,2,Lab,22IT8103,R22,0,core,0,0,0,False,,
subj-0105,aits-hyd-001,dept-ece,1,Linear Algebra & Calculus,4,Theory,22MA1101,R22,4,core,3,1,0,False,,
subj-0106,aits-hyd-001,dept-ece,1,Applied Physics,4,Theory,22PH1101,R22,3,core,3,0,0,False,,
subj-0107,aits-hyd-001,dept-ece,1,Programming for Problem Solving (C),3,Theory,22CS1101,R22,3,core,3,0,0,False,,
subj-0108,aits-hyd-001,dept-ece,1,Programming for Problem Solving Lab,1,Lab,22CS1102,R22,3,core,0,0,3,False,,
subj-0109,aits-hyd-001,dept-ece,1,English - I,2,Theory,22EN1101,R22,2,aec,2,0,0,False,,
subj-0110,aits-hyd-001,dept-ece,1,Engineering Drawing,2,Lab,22ME1101,R22,3,core,1,0,2,False,,
subj-0111,aits-hyd-001,dept-ece,1,Applied Physics Lab,1,Lab,22PH1102,R22,2,core,0,0,2,False,,
subj-0112,aits-hyd-001,dept-ece,2,"Probability, Statistics & Numerical Methods",4,Theory,22MA1201,R22,4,core,3,1,0,False,,
subj-0113,aits-hyd-001,dept-ece,2,Engineering Chemistry,4,Theory,22CH1201,R22,3,core,3,0,0,False,,
subj-0114,aits-hyd-001,dept-ece,2,Basic Electrical Engineering,3,Theory,22EE1201,R22,3,core,3,0,0,False,,
subj-0115,aits-hyd-001,dept-ece,2,Basic Electrical Engineering Lab,1,Lab,22EE1202,R22,2,core,0,0,2,False,,
subj-0116,aits-hyd-001,dept-ece,2,English - II,2,Theory,22EN1201,R22,2,aec,2,0,0,False,,
subj-0117,aits-hyd-001,dept-ece,2,Data Structures,3,Theory,22CS1201,R22,3,core,3,0,0,False,,
subj-0118,aits-hyd-001,dept-ece,2,Data Structures Lab,1,Lab,22CS1202,R22,3,core,0,0,3,False,,
subj-0119,aits-hyd-001,dept-ece,2,Engineering Chemistry Lab,1,Lab,22CH1202,R22,2,core,0,0,2,False,,
subj-0120,aits-hyd-001,dept-ece,3,Signals & Systems,3,Theory,22EC3101,R22,4,core,3,1,0,False,,
subj-0121,aits-hyd-001,dept-ece,3,Analog Electronics,3,Theory,22EC3102,R22,3,core,3,0,0,False,,
subj-0122,aits-hyd-001,dept-ece,3,Network Theory,3,Theory,22EC3103,R22,4,core,3,1,0,False,,
subj-0123,aits-hyd-001,dept-ece,3,Electromagnetic Theory,3,Theory,22EC3104,R22,3,core,3,0,0,False,,
subj-0124,aits-hyd-001,dept-ece,3,Analog Electronics Lab,2,Lab,22EC3105,R22,3,core,0,0,3,False,,
subj-0125,aits-hyd-001,dept-ece,3,Network Theory Lab,1,Lab,22EC3106,R22,2,core,0,0,2,False,,
subj-0126,aits-hyd-001,dept-ece,3,Managerial Economics & Financial Analysis,3,Theory,22HS3101,R22,3,sec,3,0,0,False,,
subj-0127,aits-hyd-001,dept-ece,4,Analog Communication,3,Theory,22EC4101,R22,3,core,3,0,0,False,,
subj-0128,aits-hyd-001,dept-ece,4,Digital Signal Processing,3,Theory,22EC4102,R22,4,core,3,1,0,False,,
subj-0129,aits-hyd-001,dept-ece,4,Linear IC Applications,3,Theory,22EC4103,R22,3,core,3,0,0,False,,
subj-0130,aits-hyd-001,dept-ece,4,Control Systems,3,Theory,22EC4104,R22,4,core,3,1,0,False,,
subj-0131,aits-hyd-001,dept-ece,4,Communication & DSP Lab,2,Lab,22EC4105,R22,3,core,0,0,3,False,,
subj-0132,aits-hyd-001,dept-ece,4,IC Applications Lab,1,Lab,22EC4106,R22,2,core,0,0,2,False,,
subj-0133,aits-hyd-001,dept-ece,4,Environmental Science,2,Theory,22HS4101,R22,2,mdc,2,0,0,False,,
subj-0134,aits-hyd-001,dept-ece,5,Digital Communication,3,Theory,22EC5101,R22,3,core,3,0,0,False,,
subj-0135,aits-hyd-001,dept-ece,5,VLSI Design,3,Theory,22EC5102,R22,3,core,3,0,0,False,,
subj-0136,aits-hyd-001,dept-ece,5,Microprocessors & Microcontrollers,3,Theory,22EC5103,R22,3,core,3,0,0,False,,
subj-0137,aits-hyd-001,dept-ece,5,Antenna & Wave Propagation,3,Theory,22EC5104,R22,3,core,3,0,0,False,,
subj-0138,aits-hyd-001,dept-ece,5,VLSI & Microprocessor Lab,2,Lab,22EC5105,R22,3,core,0,0,3,False,,
subj-0139,aits-hyd-001,dept-ece,5,Professional Elective - I,3,Theory,22EC5106,R22,3,elective,3,0,0,False,,
subj-0140,aits-hyd-001,dept-ece,5,Constitution of India,0,Theory,22MC5101,R22,2,mdc,2,0,0,False,,
subj-0141,aits-hyd-001,dept-ece,6,Wireless Communication,3,Theory,22EC6101,R22,3,core,3,0,0,False,,
subj-0142,aits-hyd-001,dept-ece,6,Embedded Systems,3,Theory,22EC6102,R22,3,core,3,0,0,False,,
subj-0143,aits-hyd-001,dept-ece,6,Radar & Satellite Communication,3,Theory,22EC6103,R22,3,core,3,0,0,False,,
subj-0144,aits-hyd-001,dept-ece,6,Digital Image Processing,3,Theory,22EC6104,R22,3,core,3,0,0,False,,
subj-0145,aits-hyd-001,dept-ece,6,Embedded Systems Lab,2,Lab,22EC6105,R22,3,core,0,0,3,False,,
subj-0146,aits-hyd-001,dept-ece,6,Professional Elective - II,3,Theory,22EC6106,R22,3,elective,3,0,0,False,,
subj-0147,aits-hyd-001,dept-ece,6,Open Elective - I,3,Theory,22EC6107,R22,3,open_elective,3,0,0,False,,
subj-0148,aits-hyd-001,dept-ece,7,Optical Communication,3,Theory,22EC7101,R22,3,core,3,0,0,False,,
subj-0149,aits-hyd-001,dept-ece,7,Robotics,3,Theory,22EC7102,R22,3,core,3,0,0,False,,
subj-0150,aits-hyd-001,dept-ece,7,Professional Elective - III,3,Theory,22EC7103,R22,3,elective,3,0,0,False,,
subj-0151,aits-hyd-001,dept-ece,7,Open Elective - II,3,Theory,22EC7104,R22,3,open_elective,3,0,0,False,,
subj-0152,aits-hyd-001,dept-ece,7,Project - I,2,Lab,22EC7105,R22,4,core,0,0,4,False,,
subj-0153,aits-hyd-001,dept-ece,7,Seminar,2,Lab,22EC7106,R22,2,core,0,0,2,False,,
subj-0154,aits-hyd-001,dept-ece,8,Professional Elective - IV,3,Theory,22EC8101,R22,3,elective,3,0,0,False,,
subj-0155,aits-hyd-001,dept-ece,8,Project - II,8,Lab,22EC8102,R22,16,core,0,0,16,False,,
subj-0156,aits-hyd-001,dept-ece,8,Comprehensive Viva,2,Lab,22EC8103,R22,0,core,0,0,0,False,,
subj-0157,aits-hyd-001,dept-eee,1,Linear Algebra & Calculus,4,Theory,22MA1101,R22,4,core,3,1,0,False,,
subj-0158,aits-hyd-001,dept-eee,1,Applied Physics,4,Theory,22PH1101,R22,3,core,3,0,0,False,,
subj-0159,aits-hyd-001,dept-eee,1,Programming for Problem Solving (C),3,Theory,22CS1101,R22,3,core,3,0,0,False,,
subj-0160,aits-hyd-001,dept-eee,1,Programming for Problem Solving Lab,1,Lab,22CS1102,R22,3,core,0,0,3,False,,
subj-0161,aits-hyd-001,dept-eee,1,English - I,2,Theory,22EN1101,R22,2,aec,2,0,0,False,,
subj-0162,aits-hyd-001,dept-eee,1,Engineering Drawing,2,Lab,22ME1101,R22,3,core,1,0,2,False,,
subj-0163,aits-hyd-001,dept-eee,1,Applied Physics Lab,1,Lab,22PH1102,R22,2,core,0,0,2,False,,
subj-0164,aits-hyd-001,dept-eee,2,"Probability, Statistics & Numerical Methods",4,Theory,22MA1201,R22,4,core,3,1,0,False,,
subj-0165,aits-hyd-001,dept-eee,2,Engineering Chemistry,4,Theory,22CH1201,R22,3,core,3,0,0,False,,
subj-0166,aits-hyd-001,dept-eee,2,Basic Electrical Engineering,3,Theory,22EE1201,R22,3,core,3,0,0,False,,
subj-0167,aits-hyd-001,dept-eee,2,Basic Electrical Engineering Lab,1,Lab,22EE1202,R22,2,core,0,0,2,False,,
subj-0168,aits-hyd-001,dept-eee,2,English - II,2,Theory,22EN1201,R22,2,aec,2,0,0,False,,
subj-0169,aits-hyd-001,dept-eee,2,Data Structures,3,Theory,22CS1201,R22,3,core,3,0,0,False,,
subj-0170,aits-hyd-001,dept-eee,2,Data Structures Lab,1,Lab,22CS1202,R22,3,core,0,0,3,False,,
subj-0171,aits-hyd-001,dept-eee,2,Engineering Chemistry Lab,1,Lab,22CH1202,R22,2,core,0,0,2,False,,
subj-0172,aits-hyd-001,dept-eee,3,Electrical Machines - I,3,Theory,22EE3101,R22,3,core,3,0,0,False,,
subj-0173,aits-hyd-001,dept-eee,3,Network Theory,3,Theory,22EE3102,R22,4,core,3,1,0,False,,
subj-0174,aits-hyd-001,dept-eee,3,Electromagnetic Fields,3,Theory,22EE3103,R22,3,core,3,0,0,False,,
subj-0175,aits-hyd-001,dept-eee,3,Electronic Devices & Circuits,3,Theory,22EE3104,R22,3,core,3,0,0,False,,
subj-0176,aits-hyd-001,dept-eee,3,Electrical Machines Lab,2,Lab,22EE3105,R22,3,core,0,0,3,False,,
subj-0177,aits-hyd-001,dept-eee,3,Electronics Lab,1,Lab,22EE3106,R22,2,core,0,0,2,False,,
subj-0178,aits-hyd-001,dept-eee,3,Managerial Economics & Financial Analysis,3,Theory,22HS3101,R22,3,sec,3,0,0,False,,
subj-0179,aits-hyd-001,dept-eee,4,Electrical Machines - II,3,Theory,22EE4101,R22,3,core,3,0,0,False,,
subj-0180,aits-hyd-001,dept-eee,4,Power Systems - I,3,Theory,22EE4102,R22,3,core,3,0,0,False,,
subj-0181,aits-hyd-001,dept-eee,4,Control Systems,3,Theory,22EE4103,R22,4,core,3,1,0,False,,
subj-0182,aits-hyd-001,dept-eee,4,Signals & Systems,3,Theory,22EE4104,R22,4,core,3,1,0,False,,
subj-0183,aits-hyd-001,dept-eee,4,Machines & Control Lab,2,Lab,22EE4105,R22,3,core,0,0,3,False,,
subj-0184,aits-hyd-001,dept-eee,4,Simulation Lab,1,Lab,22EE4106,R22,2,core,0,0,2,False,,
subj-0185,aits-hyd-001,dept-eee,4,Environmental Science,2,Theory,22HS4101,R22,2,mdc,2,0,0,False,,
subj-0186,aits-hyd-001,dept-eee,5,Power Systems - II,3,Theory,22EE5101,R22,3,core,3,0,0,False,,
subj-0187,aits-hyd-001,dept-eee,5,Power Electronics,3,Theory,22EE5102,R22,3,core,3,0,0,False,,
subj-0188,aits-hyd-001,dept-eee,5,Microprocessors & Microcontrollers,3,Theory,22EE5103,R22,3,core,3,0,0,False,,
subj-0189,aits-hyd-001,dept-eee,5,Electrical Measurements,3,Theory,22EE5104,R22,3,core,3,0,0,False,,
subj-0190,aits-hyd-001,dept-eee,5,Power Electronics Lab,2,Lab,22EE5105,R22,3,core,0,0,3,False,,
subj-0191,aits-hyd-001,dept-eee,5,Professional Elective - I,3,Theory,22EE5106,R22,3,elective,3,0,0,False,,
subj-0192,aits-hyd-001,dept-eee,5,Constitution of India,0,Theory,22MC5101,R22,2,mdc,2,0,0,False,,
subj-0193,aits-hyd-001,dept-eee,6,Power System Protection,3,Theory,22EE6101,R22,3,core,3,0,0,False,,
subj-0194,aits-hyd-001,dept-eee,6,Renewable Energy Systems,3,Theory,22EE6102,R22,3,core,3,0,0,False,,
subj-0195,aits-hyd-001,dept-eee,6,Electric Drives,3,Theory,22EE6103,R22,3,core,3,0,0,False,,
subj-0196,aits-hyd-001,dept-eee,6,Digital Signal Processing,3,Theory,22EE6104,R22,3,core,3,0,0,False,,
subj-0197,aits-hyd-001,dept-eee,6,Drives & Renewable Lab,2,Lab,22EE6105,R22,3,core,0,0,3,False,,
subj-0198,aits-hyd-001,dept-eee,6,Professional Elective - II,3,Theory,22EE6106,R22,3,elective,3,0,0,False,,
subj-0199,aits-hyd-001,dept-eee,6,Open Elective - I,3,Theory,22EE6107,R22,3,open_elective,3,0,0,False,,
subj-0200,aits-hyd-001,dept-eee,7,Smart Grid Technology,3,Theory,22EE7101,R22,3,core,3,0,0,False,,
subj-0201,aits-hyd-001,dept-eee,7,High Voltage Engineering,3,Theory,22EE7102,R22,3,core,3,0,0,False,,
subj-0202,aits-hyd-001,dept-eee,7,Professional Elective - III,3,Theory,22EE7103,R22,3,elective,3,0,0,False,,
subj-0203,aits-hyd-001,dept-eee,7,Open Elective - II,3,Theory,22EE7104,R22,3,open_elective,3,0,0,False,,
subj-0204,aits-hyd-001,dept-eee,7,Project - I,2,Lab,22EE7105,R22,4,core,0,0,4,False,,
subj-0205,aits-hyd-001,dept-eee,7,Seminar,2,Lab,22EE7106,R22,2,core,0,0,2,False,,
subj-0206,aits-hyd-001,dept-eee,8,Professional Elective - IV,3,Theory,22EE8101,R22,3,elective,3,0,0,False,,
subj-0207,aits-hyd-001,dept-eee,8,Project - II,8,Lab,22EE8102,R22,16,core,0,0,16,False,,
subj-0208,aits-hyd-001,dept-eee,8,Comprehensive Viva,2,Lab,22EE8103,R22,0,core,0,0,0,False,,
subj-0209,aits-hyd-001,dept-mech,1,Linear Algebra & Calculus,4,Theory,22MA1101,R22,4,core,3,1,0,False,,
subj-0210,aits-hyd-001,dept-mech,1,Applied Physics,4,Theory,22PH1101,R22,3,core,3,0,0,False,,
subj-0211,aits-hyd-001,dept-mech,1,Programming for Problem Solving (C),3,Theory,22CS1101,R22,3,core,3,0,0,False,,
subj-0212,aits-hyd-001,dept-mech,1,Programming for Problem Solving Lab,1,Lab,22CS1102,R22,3,core,0,0,3,False,,
subj-0213,aits-hyd-001,dept-mech,1,English - I,2,Theory,22EN1101,R22,2,aec,2,0,0,False,,
subj-0214,aits-hyd-001,dept-mech,1,Engineering Drawing,2,Lab,22ME1101,R22,3,core,1,0,2,False,,
subj-0215,aits-hyd-001,dept-mech,1,Applied Physics Lab,1,Lab,22PH1102,R22,2,core,0,0,2,False,,
subj-0216,aits-hyd-001,dept-mech,2,"Probability, Statistics & Numerical Methods",4,Theory,22MA1201,R22,4,core,3,1,0,False,,
subj-0217,aits-hyd-001,dept-mech,2,Engineering Chemistry,4,Theory,22CH1201,R22,3,core,3,0,0,False,,
subj-0218,aits-hyd-001,dept-mech,2,Basic Electrical Engineering,3,Theory,22EE1201,R22,3,core,3,0,0,False,,
subj-0219,aits-hyd-001,dept-mech,2,Basic Electrical Engineering Lab,1,Lab,22EE1202,R22,2,core,0,0,2,False,,
subj-0220,aits-hyd-001,dept-mech,2,English - II,2,Theory,22EN1201,R22,2,aec,2,0,0,False,,
subj-0221,aits-hyd-001,dept-mech,2,Data Structures,3,Theory,22CS1201,R22,3,core,3,0,0,False,,
subj-0222,aits-hyd-001,dept-mech,2,Data Structures Lab,1,Lab,22CS1202,R22,3,core,0,0,3,False,,
subj-0223,aits-hyd-001,dept-mech,2,Engineering Chemistry Lab,1,Lab,22CH1202,R22,2,core,0,0,2,False,,
subj-0224,aits-hyd-001,dept-mech,3,Thermodynamics,3,Theory,22ME3101,R22,3,core,3,0,0,False,,
subj-0225,aits-hyd-001,dept-mech,3,Mechanics of Solids,3,Theory,22ME3102,R22,4,core,3,1,0,False,,
subj-0226,aits-hyd-001,dept-mech,3,Manufacturing Technology,3,Theory,22ME3103,R22,3,core,3,0,0,False,,
subj-0227,aits-hyd-001,dept-mech,3,Fluid Mechanics,3,Theory,22ME3104,R22,3,core,3,0,0,False,,
subj-0228,aits-hyd-001,dept-mech,3,Manufacturing Lab,2,Lab,22ME3105,R22,3,core,0,0,3,False,,
subj-0229,aits-hyd-001,dept-mech,3,Fluid Mechanics Lab,1,Lab,22ME3106,R22,2,core,0,0,2,False,,
subj-0230,aits-hyd-001,dept-mech,3,Managerial Economics & Financial Analysis,3,Theory,22HS3101,R22,3,sec,3,0,0,False,,
subj-0231,aits-hyd-001,dept-mech,4,Kinematics of Machinery,3,Theory,22ME4101,R22,3,core,3,0,0,False,,
subj-0232,aits-hyd-001,dept-mech,4,Thermal Engineering - I,3,Theory,22ME4102,R22,3,core,3,0,0,False,,
subj-0233,aits-hyd-001,dept-mech,4,Machine Design - I,3,Theory,22ME4103,R22,4,core,3,1,0,False,,
subj-0234,aits-hyd-001,dept-mech,4,Metrology & Quality Control,3,Theory,22ME4104,R22,3,core,3,0,0,False,,
subj-0235,aits-hyd-001,dept-mech,4,Thermal Engineering Lab,2,Lab,22ME4105,R22,3,core,0,0,3,False,,
subj-0236,aits-hyd-001,dept-mech,4,Metrology Lab,1,Lab,22ME4106,R22,2,core,0,0,2,False,,
subj-0237,aits-hyd-001,dept-mech,4,Environmental Science,2,Theory,22HS4101,R22,2,mdc,2,0,0,False,,
subj-0238,aits-hyd-001,dept-mech,5,Dynamics of Machinery,3,Theory,22ME5101,R22,3,core,3,0,0,False,,
subj-0239,aits-hyd-001,dept-mech,5,Heat Transfer,3,Theory,22ME5102,R22,3,core,3,0,0,False,,
subj-0240,aits-hyd-001,dept-mech,5,Machine Design - II,3,Theory,22ME5103,R22,3,core,3,0,0,False,,
subj-0241,aits-hyd-001,dept-mech,5,Industrial Engineering,3,Theory,22ME5104,R22,3,core,3,0,0,False,,
subj-0242,aits-hyd-001,dept-mech,5,CAD/CAM Lab,2,Lab,22ME5105,R22,3,core,0,0,3,False,,
subj-0243,aits-hyd-001,dept-mech,5,Professional Elective - I,3,Theory,22ME5106,R22,3,elective,3,0,0,False,,
subj-0244,aits-hyd-001,dept-mech,5,Constitution of India,0,Theory,22MC5101,R22,2,mdc,2,0,0,False,,
subj-0245,aits-hyd-001,dept-mech,6,Automobile Engineering,3,Theory,22ME6101,R22,3,core,3,0,0,False,,
subj-0246,aits-hyd-001,dept-mech,6,Finite Element Methods,3,Theory,22ME6102,R22,3,core,3,0,0,False,,
subj-0247,aits-hyd-001,dept-mech,6,Robotics,3,Theory,22ME6103,R22,3,core,3,0,0,False,,
subj-0248,aits-hyd-001,dept-mech,6,Operations Research,3,Theory,22ME6104,R22,3,core,3,0,0,False,,
subj-0249,aits-hyd-001,dept-mech,6,Robotics & Simulation Lab,2,Lab,22ME6105,R22,3,core,0,0,3,False,,
subj-0250,aits-hyd-001,dept-mech,6,Professional Elective - II,3,Theory,22ME6106,R22,3,elective,3,0,0,False,,
subj-0251,aits-hyd-001,dept-mech,6,Open Elective - I,3,Theory,22ME6107,R22,3,open_elective,3,0,0,False,,
subj-0252,aits-hyd-001,dept-mech,7,Power Plant Engineering,3,Theory,22ME7101,R22,3,core,3,0,0,False,,
subj-0253,aits-hyd-001,dept-mech,7,Refrigeration & Air Conditioning,3,Theory,22ME7102,R22,3,core,3,0,0,False,,
subj-0254,aits-hyd-001,dept-mech,7,Professional Elective - III,3,Theory,22ME7103,R22,3,elective,3,0,0,False,,
subj-0255,aits-hyd-001,dept-mech,7,Open Elective - II,3,Theory,22ME7104,R22,3,open_elective,3,0,0,False,,
subj-0256,aits-hyd-001,dept-mech,7,Project - I,2,Lab,22ME7105,R22,4,core,0,0,4,False,,
subj-0257,aits-hyd-001,dept-mech,7,Seminar,2,Lab,22ME7106,R22,2,core,0,0,2,False,,
subj-0258,aits-hyd-001,dept-mech,8,Professional Elective - IV,3,Theory,22ME8101,R22,3,elective,3,0,0,False,,
subj-0259,aits-hyd-001,dept-mech,8,Project - II,8,Lab,22ME8102,R22,16,core,0,0,16,False,,
subj-0260,aits-hyd-001,dept-mech,8,Comprehensive Viva,2,Lab,22ME8103,R22,0,core,0,0,0,False,,
subj-0261,aits-hyd-001,dept-civil,1,Linear Algebra & Calculus,4,Theory,22MA1101,R22,4,core,3,1,0,False,,
subj-0262,aits-hyd-001,dept-civil,1,Applied Physics,4,Theory,22PH1101,R22,3,core,3,0,0,False,,
subj-0263,aits-hyd-001,dept-civil,1,Programming for Problem Solving (C),3,Theory,22CS1101,R22,3,core,3,0,0,False,,
subj-0264,aits-hyd-001,dept-civil,1,Programming for Problem Solving Lab,1,Lab,22CS1102,R22,3,core,0,0,3,False,,
subj-0265,aits-hyd-001,dept-civil,1,English - I,2,Theory,22EN1101,R22,2,aec,2,0,0,False,,
subj-0266,aits-hyd-001,dept-civil,1,Engineering Drawing,2,Lab,22ME1101,R22,3,core,1,0,2,False,,
subj-0267,aits-hyd-001,dept-civil,1,Applied Physics Lab,1,Lab,22PH1102,R22,2,core,0,0,2,False,,
subj-0268,aits-hyd-001,dept-civil,2,"Probability, Statistics & Numerical Methods",4,Theory,22MA1201,R22,4,core,3,1,0,False,,
subj-0269,aits-hyd-001,dept-civil,2,Engineering Chemistry,4,Theory,22CH1201,R22,3,core,3,0,0,False,,
subj-0270,aits-hyd-001,dept-civil,2,Basic Electrical Engineering,3,Theory,22EE1201,R22,3,core,3,0,0,False,,
subj-0271,aits-hyd-001,dept-civil,2,Basic Electrical Engineering Lab,1,Lab,22EE1202,R22,2,core,0,0,2,False,,
subj-0272,aits-hyd-001,dept-civil,2,English - II,2,Theory,22EN1201,R22,2,aec,2,0,0,False,,
subj-0273,aits-hyd-001,dept-civil,2,Data Structures,3,Theory,22CS1201,R22,3,core,3,0,0,False,,
subj-0274,aits-hyd-001,dept-civil,2,Data Structures Lab,1,Lab,22CS1202,R22,3,core,0,0,3,False,,
subj-0275,aits-hyd-001,dept-civil,2,Engineering Chemistry Lab,1,Lab,22CH1202,R22,2,core,0,0,2,False,,
subj-0276,aits-hyd-001,dept-civil,3,Mechanics of Solids,3,Theory,22CE3101,R22,4,core,3,1,0,False,,
subj-0277,aits-hyd-001,dept-civil,3,Surveying,3,Theory,22CE3102,R22,3,core,3,0,0,False,,
subj-0278,aits-hyd-001,dept-civil,3,Building Materials & Construction,3,Theory,22CE3103,R22,3,core,3,0,0,False,,
subj-0279,aits-hyd-001,dept-civil,3,Fluid Mechanics,3,Theory,22CE3104,R22,3,core,3,0,0,False,,
subj-0280,aits-hyd-001,dept-civil,3,Surveying Lab,2,Lab,22CE3105,R22,3,core,0,0,3,False,,
subj-0281,aits-hyd-001,dept-civil,3,Fluid Mechanics Lab,1,Lab,22CE3106,R22,2,core,0,0,2,False,,
subj-0282,aits-hyd-001,dept-civil,3,Managerial Economics & Financial Analysis,3,Theory,22HS3101,R22,3,sec,3,0,0,False,,
subj-0283,aits-hyd-001,dept-civil,4,Structural Analysis - I,3,Theory,22CE4101,R22,4,core,3,1,0,False,,
subj-0284,aits-hyd-001,dept-civil,4,Geotechnical Engineering - I,3,Theory,22CE4102,R22,3,core,3,0,0,False,,
subj-0285,aits-hyd-001,dept-civil,4,Hydraulics & Hydraulic Machinery,3,Theory,22CE4103,R22,3,core,3,0,0,False,,
subj-0286,aits-hyd-001,dept-civil,4,Concrete Technology,3,Theory,22CE4104,R22,3,core,3,0,0,False,,
subj-0287,aits-hyd-001,dept-civil,4,Geotechnical Lab,2,Lab,22CE4105,R22,3,core,0,0,3,False,,
subj-0288,aits-hyd-001,dept-civil,4,Concrete Lab,1,Lab,22CE4106,R22,2,core,0,0,2,False,,
subj-0289,aits-hyd-001,dept-civil,4,Environmental Science,2,Theory,22HS4101,R22,2,mdc,2,0,0,False,,
subj-0290,aits-hyd-001,dept-civil,5,Structural Analysis - II,3,Theory,22CE5101,R22,3,core,3,0,0,False,,
subj-0291,aits-hyd-001,dept-civil,5,Design of RC Structures,3,Theory,22CE5102,R22,3,core,3,0,0,False,,
subj-0292,aits-hyd-001,dept-civil,5,Transportation Engineering,3,Theory,22CE5103,R22,3,core,3,0,0,False,,
subj-0293,aits-hyd-001,dept-civil,5,Environmental Engineering,3,Theory,22CE5104,R22,3,core,3,0,0,False,,
subj-0294,aits-hyd-001,dept-civil,5,RC Design Lab,2,Lab,22CE5105,R22,3,core,0,0,3,False,,
subj-0295,aits-hyd-001,dept-civil,5,Professional Elective - I,3,Theory,22CE5106,R22,3,elective,3,0,0,False,,
subj-0296,aits-hyd-001,dept-civil,5,Constitution of India,0,Theory,22MC5101,R22,2,mdc,2,0,0,False,,
subj-0297,aits-hyd-001,dept-civil,6,Design of Steel Structures,3,Theory,22CE6101,R22,3,core,3,0,0,False,,
subj-0298,aits-hyd-001,dept-civil,6,Geotechnical Engineering - II,3,Theory,22CE6102,R22,3,core,3,0,0,False,,
subj-0299,aits-hyd-001,dept-civil,6,Hydrology & Water Resources,3,Theory,22CE6103,R22,3,core,3,0,0,False,,
subj-0300,aits-hyd-001,dept-civil,6,Estimation & Costing,3,Theory,22CE6104,R22,3,core,3,0,0,False,,
subj-0301,aits-hyd-001,dept-civil,6,Steel Structures Lab,2,Lab,22CE6105,R22,3,core,0,0,3,False,,
subj-0302,aits-hyd-001,dept-civil,6,Professional Elective - II,3,Theory,22CE6106,R22,3,elective,3,0,0,False,,
subj-0303,aits-hyd-001,dept-civil,6,Open Elective - I,3,Theory,22CE6107,R22,3,open_elective,3,0,0,False,,
subj-0304,aits-hyd-001,dept-civil,7,Construction Planning & Management,3,Theory,22CE7101,R22,3,core,3,0,0,False,,
subj-0305,aits-hyd-001,dept-civil,7,Remote Sensing & GIS,3,Theory,22CE7102,R22,3,core,3,0,0,False,,
subj-0306,aits-hyd-001,dept-civil,7,Professional Elective - III,3,Theory,22CE7103,R22,3,elective,3,0,0,False,,
subj-0307,aits-hyd-001,dept-civil,7,Open Elective - II,3,Theory,22CE7104,R22,3,open_elective,3,0,0,False,,
subj-0308,aits-hyd-001,dept-civil,7,Project - I,2,Lab,22CE7105,R22,4,core,0,0,4,False,,
subj-0309,aits-hyd-001,dept-civil,7,Seminar,2,Lab,22CE7106,R22,2,core,0,0,2,False,,
subj-0310,aits-hyd-001,dept-civil,8,Professional Elective - IV,3,Theory,22CE8101,R22,3,elective,3,0,0,False,,
subj-0311,aits-hyd-001,dept-civil,8,Project - II,8,Lab,22CE8102,R22,16,core,0,0,16,False,,
subj-0312,aits-hyd-001,dept-civil,8,Comprehensive Viva,2,Lab,22CE8103,R22,0,core,0,0,0,False,,
subj-0313,aits-hyd-001,dept-csm,1,Linear Algebra & Calculus,4,Theory,22MA1101,R22,4,core,3,1,0,False,,
subj-0314,aits-hyd-001,dept-csm,1,Applied Physics,4,Theory,22PH1101,R22,3,core,3,0,0,False,,
subj-0315,aits-hyd-001,dept-csm,1,Programming for Problem Solving (C),3,Theory,22CS1101,R22,3,core,3,0,0,False,,
subj-0316,aits-hyd-001,dept-csm,1,Programming for Problem Solving Lab,1,Lab,22CS1102,R22,3,core,0,0,3,False,,
subj-0317,aits-hyd-001,dept-csm,1,English - I,2,Theory,22EN1101,R22,2,aec,2,0,0,False,,
subj-0318,aits-hyd-001,dept-csm,1,Engineering Drawing,2,Lab,22ME1101,R22,3,core,1,0,2,False,,
subj-0319,aits-hyd-001,dept-csm,1,Applied Physics Lab,1,Lab,22PH1102,R22,2,core,0,0,2,False,,
subj-0320,aits-hyd-001,dept-csm,2,"Probability, Statistics & Numerical Methods",4,Theory,22MA1201,R22,4,core,3,1,0,False,,
subj-0321,aits-hyd-001,dept-csm,2,Engineering Chemistry,4,Theory,22CH1201,R22,3,core,3,0,0,False,,
subj-0322,aits-hyd-001,dept-csm,2,Basic Electrical Engineering,3,Theory,22EE1201,R22,3,core,3,0,0,False,,
subj-0323,aits-hyd-001,dept-csm,2,Basic Electrical Engineering Lab,1,Lab,22EE1202,R22,2,core,0,0,2,False,,
subj-0324,aits-hyd-001,dept-csm,2,English - II,2,Theory,22EN1201,R22,2,aec,2,0,0,False,,
subj-0325,aits-hyd-001,dept-csm,2,Data Structures,3,Theory,22CS1201,R22,3,core,3,0,0,False,,
subj-0326,aits-hyd-001,dept-csm,2,Data Structures Lab,1,Lab,22CS1202,R22,3,core,0,0,3,False,,
subj-0327,aits-hyd-001,dept-csm,2,Engineering Chemistry Lab,1,Lab,22CH1202,R22,2,core,0,0,2,False,,
subj-0328,aits-hyd-001,dept-csm,3,Discrete Mathematics,3,Theory,22AI3101,R22,3,core,3,0,0,False,,
subj-0329,aits-hyd-001,dept-csm,3,Object-Oriented Programming (Java),3,Theory,22AI3102,R22,3,core,3,0,0,False,,
subj-0330,aits-hyd-001,dept-csm,3,Digital Logic Design,3,Theory,22AI3103,R22,3,core,3,0,0,False,,
subj-0331,aits-hyd-001,dept-csm,3,Computer Organization,3,Theory,22AI3104,R22,3,core,3,0,0,False,,
subj-0332,aits-hyd-001,dept-csm,3,OOP Lab,2,Lab,22AI3105,R22,3,core,0,0,3,False,,
subj-0333,aits-hyd-001,dept-csm,3,Digital Logic Lab,1,Lab,22AI3106,R22,2,core,0,0,2,False,,
subj-0334,aits-hyd-001,dept-csm,3,Managerial Economics & Financial Analysis,3,Theory,22HS3101,R22,3,sec,3,0,0,False,,
subj-0335,aits-hyd-001,dept-csm,4,Operating Systems,3,Theory,22AI4101,R22,3,core,3,0,0,False,,
subj-0336,aits-hyd-001,dept-csm,4,Database Management Systems,3,Theory,22AI4102,R22,3,core,3,0,0,False,,
subj-0337,aits-hyd-001,dept-csm,4,Design & Analysis of Algorithms,3,Theory,22AI4103,R22,4,core,3,1,0,False,,
subj-0338,aits-hyd-001,dept-csm,4,Software Engineering,3,Theory,22AI4104,R22,3,core,3,0,0,False,,
subj-0339,aits-hyd-001,dept-csm,4,OS & DBMS Lab,2,Lab,22AI4105,R22,3,core,0,0,3,False,,
subj-0340,aits-hyd-001,dept-csm,4,Python Programming Lab,1,Lab,22AI4106,R22,2,core,0,0,2,False,,
subj-0341,aits-hyd-001,dept-csm,4,Environmental Science,2,Theory,22HS4101,R22,2,mdc,2,0,0,False,,
subj-0342,aits-hyd-001,dept-csm,5,Computer Networks,3,Theory,22AI5101,R22,3,core,3,0,0,False,,
subj-0343,aits-hyd-001,dept-csm,5,Compiler Design,3,Theory,22AI5102,R22,3,core,3,0,0,False,,
subj-0344,aits-hyd-001,dept-csm,5,Formal Languages & Automata Theory,3,Theory,22AI5103,R22,4,core,3,1,0,False,,
subj-0345,aits-hyd-001,dept-csm,5,Web Technologies,3,Theory,22AI5104,R22,4,core,2,0,2,False,,
subj-0346,aits-hyd-001,dept-csm,5,Computer Networks Lab,2,Lab,22AI5105,R22,3,core,0,0,3,False,,
subj-0347,aits-hyd-001,dept-csm,5,Professional Elective - I,3,Theory,22AI5106,R22,3,elective,3,0,0,False,,
subj-0348,aits-hyd-001,dept-csm,5,Constitution of India,0,Theory,22MC5101,R22,2,mdc,2,0,0,False,,
subj-0349,aits-hyd-001,dept-csm,6,Artificial Intelligence,3,Theory,22AI6101,R22,3,core,3,0,0,False,,
subj-0350,aits-hyd-001,dept-csm,6,Cryptography & Network Security,3,Theory,22AI6102,R22,3,core,3,0,0,False,,
subj-0351,aits-hyd-001,dept-csm,6,Machine Learning,3,Theory,22AI6103,R22,3,core,3,0,0,False,,
subj-0352,aits-hyd-001,dept-csm,6,Cloud Computing,3,Theory,22AI6104,R22,3,core,3,0,0,False,,
subj-0353,aits-hyd-001,dept-csm,6,AI & ML Lab,2,Lab,22AI6105,R22,3,core,0,0,3,False,,
subj-0354,aits-hyd-001,dept-csm,6,Professional Elective - II,3,Theory,22AI6106,R22,3,elective,3,0,0,False,,
subj-0355,aits-hyd-001,dept-csm,6,Open Elective - I,3,Theory,22AI6107,R22,3,open_elective,3,0,0,False,,
subj-0356,aits-hyd-001,dept-csm,7,Big Data Analytics,3,Theory,22AI7101,R22,3,core,3,0,0,False,,
subj-0357,aits-hyd-001,dept-csm,7,Internet of Things,3,Theory,22AI7102,R22,3,core,3,0,0,False,,
subj-0358,aits-hyd-001,dept-csm,7,Professional Elective - III,3,Theory,22AI7103,R22,3,elective,3,0,0,False,,
subj-0359,aits-hyd-001,dept-csm,7,Open Elective - II,3,Theory,22AI7104,R22,3,open_elective,3,0,0,False,,
subj-0360,aits-hyd-001,dept-csm,7,Project - I,2,Lab,22AI7105,R22,4,core,0,0,4,False,,
subj-0361,aits-hyd-001,dept-csm,7,Seminar,2,Lab,22AI7106,R22,2,core,0,0,2,False,,
subj-0362,aits-hyd-001,dept-csm,8,Professional Elective - IV,3,Theory,22AI8101,R22,3,elective,3,0,0,False,,
subj-0363,aits-hyd-001,dept-csm,8,Project - II,8,Lab,22AI8102,R22,16,core,0,0,16,False,,
subj-0364,aits-hyd-001,dept-csm,8,Comprehensive Viva,2,Lab,22AI8103,R22,0,core,0,0,0,False,,
subj-0365,aits-hyd-001,dept-csd,1,Linear Algebra & Calculus,4,Theory,22MA1101,R22,4,core,3,1,0,False,,
subj-0366,aits-hyd-001,dept-csd,1,Applied Physics,4,Theory,22PH1101,R22,3,core,3,0,0,False,,
subj-0367,aits-hyd-001,dept-csd,1,Programming for Problem Solving (C),3,Theory,22CS1101,R22,3,core,3,0,0,False,,
subj-0368,aits-hyd-001,dept-csd,1,Programming for Problem Solving Lab,1,Lab,22CS1102,R22,3,core,0,0,3,False,,
subj-0369,aits-hyd-001,dept-csd,1,English - I,2,Theory,22EN1101,R22,2,aec,2,0,0,False,,
subj-0370,aits-hyd-001,dept-csd,1,Engineering Drawing,2,Lab,22ME1101,R22,3,core,1,0,2,False,,
subj-0371,aits-hyd-001,dept-csd,1,Applied Physics Lab,1,Lab,22PH1102,R22,2,core,0,0,2,False,,
subj-0372,aits-hyd-001,dept-csd,2,"Probability, Statistics & Numerical Methods",4,Theory,22MA1201,R22,4,core,3,1,0,False,,
subj-0373,aits-hyd-001,dept-csd,2,Engineering Chemistry,4,Theory,22CH1201,R22,3,core,3,0,0,False,,
subj-0374,aits-hyd-001,dept-csd,2,Basic Electrical Engineering,3,Theory,22EE1201,R22,3,core,3,0,0,False,,
subj-0375,aits-hyd-001,dept-csd,2,Basic Electrical Engineering Lab,1,Lab,22EE1202,R22,2,core,0,0,2,False,,
subj-0376,aits-hyd-001,dept-csd,2,English - II,2,Theory,22EN1201,R22,2,aec,2,0,0,False,,
subj-0377,aits-hyd-001,dept-csd,2,Data Structures,3,Theory,22CS1201,R22,3,core,3,0,0,False,,
subj-0378,aits-hyd-001,dept-csd,2,Data Structures Lab,1,Lab,22CS1202,R22,3,core,0,0,3,False,,
subj-0379,aits-hyd-001,dept-csd,2,Engineering Chemistry Lab,1,Lab,22CH1202,R22,2,core,0,0,2,False,,
subj-0380,aits-hyd-001,dept-csd,3,Discrete Mathematics,3,Theory,22DS3101,R22,3,core,3,0,0,False,,
subj-0381,aits-hyd-001,dept-csd,3,Object-Oriented Programming (Java),3,Theory,22DS3102,R22,3,core,3,0,0,False,,
subj-0382,aits-hyd-001,dept-csd,3,Digital Logic Design,3,Theory,22DS3103,R22,3,core,3,0,0,False,,
subj-0383,aits-hyd-001,dept-csd,3,Computer Organization,3,Theory,22DS3104,R22,3,core,3,0,0,False,,
subj-0384,aits-hyd-001,dept-csd,3,OOP Lab,2,Lab,22DS3105,R22,3,core,0,0,3,False,,
subj-0385,aits-hyd-001,dept-csd,3,Digital Logic Lab,1,Lab,22DS3106,R22,2,core,0,0,2,False,,
subj-0386,aits-hyd-001,dept-csd,3,Managerial Economics & Financial Analysis,3,Theory,22HS3101,R22,3,sec,3,0,0,False,,
subj-0387,aits-hyd-001,dept-csd,4,Operating Systems,3,Theory,22DS4101,R22,3,core,3,0,0,False,,
subj-0388,aits-hyd-001,dept-csd,4,Database Management Systems,3,Theory,22DS4102,R22,3,core,3,0,0,False,,
subj-0389,aits-hyd-001,dept-csd,4,Design & Analysis of Algorithms,3,Theory,22DS4103,R22,4,core,3,1,0,False,,
subj-0390,aits-hyd-001,dept-csd,4,Software Engineering,3,Theory,22DS4104,R22,3,core,3,0,0,False,,
subj-0391,aits-hyd-001,dept-csd,4,OS & DBMS Lab,2,Lab,22DS4105,R22,3,core,0,0,3,False,,
subj-0392,aits-hyd-001,dept-csd,4,Python Programming Lab,1,Lab,22DS4106,R22,2,core,0,0,2,False,,
subj-0393,aits-hyd-001,dept-csd,4,Environmental Science,2,Theory,22HS4101,R22,2,mdc,2,0,0,False,,
subj-0394,aits-hyd-001,dept-csd,5,Computer Networks,3,Theory,22DS5101,R22,3,core,3,0,0,False,,
subj-0395,aits-hyd-001,dept-csd,5,Compiler Design,3,Theory,22DS5102,R22,3,core,3,0,0,False,,
subj-0396,aits-hyd-001,dept-csd,5,Formal Languages & Automata Theory,3,Theory,22DS5103,R22,4,core,3,1,0,False,,
subj-0397,aits-hyd-001,dept-csd,5,Web Technologies,3,Theory,22DS5104,R22,4,core,2,0,2,False,,
subj-0398,aits-hyd-001,dept-csd,5,Computer Networks Lab,2,Lab,22DS5105,R22,3,core,0,0,3,False,,
subj-0399,aits-hyd-001,dept-csd,5,Professional Elective - I,3,Theory,22DS5106,R22,3,elective,3,0,0,False,,
subj-0400,aits-hyd-001,dept-csd,5,Constitution of India,0,Theory,22MC5101,R22,2,mdc,2,0,0,False,,
subj-0401,aits-hyd-001,dept-csd,6,Artificial Intelligence,3,Theory,22DS6101,R22,3,core,3,0,0,False,,
subj-0402,aits-hyd-001,dept-csd,6,Cryptography & Network Security,3,Theory,22DS6102,R22,3,core,3,0,0,False,,
subj-0403,aits-hyd-001,dept-csd,6,Machine Learning,3,Theory,22DS6103,R22,3,core,3,0,0,False,,
subj-0404,aits-hyd-001,dept-csd,6,Cloud Computing,3,Theory,22DS6104,R22,3,core,3,0,0,False,,
subj-0405,aits-hyd-001,dept-csd,6,AI & ML Lab,2,Lab,22DS6105,R22,3,core,0,0,3,False,,
subj-0406,aits-hyd-001,dept-csd,6,Professional Elective - II,3,Theory,22DS6106,R22,3,elective,3,0,0,False,,
subj-0407,aits-hyd-001,dept-csd,6,Open Elective - I,3,Theory,22DS6107,R22,3,open_elective,3,0,0,False,,
subj-0408,aits-hyd-001,dept-csd,7,Big Data Analytics,3,Theory,22DS7101,R22,3,core,3,0,0,False,,
subj-0409,aits-hyd-001,dept-csd,7,Internet of Things,3,Theory,22DS7102,R22,3,core,3,0,0,False,,
subj-0410,aits-hyd-001,dept-csd,7,Professional Elective - III,3,Theory,22DS7103,R22,3,elective,3,0,0,False,,
subj-0411,aits-hyd-001,dept-csd,7,Open Elective - II,3,Theory,22DS7104,R22,3,open_elective,3,0,0,False,,
subj-0412,aits-hyd-001,dept-csd,7,Project - I,2,Lab,22DS7105,R22,4,core,0,0,4,False,,
subj-0413,aits-hyd-001,dept-csd,7,Seminar,2,Lab,22DS7106,R22,2,core,0,0,2,False,,
subj-0414,aits-hyd-001,dept-csd,8,Professional Elective - IV,3,Theory,22DS8101,R22,3,elective,3,0,0,False,,
subj-0415,aits-hyd-001,dept-csd,8,Project - II,8,Lab,22DS8102,R22,16,core,0,0,16,False,,
subj-0416,aits-hyd-001,dept-csd,8,Comprehensive Viva,2,Lab,22DS8103,R22,0,core,0,0,0,False,,
subj-0417,aits-hyd-001,dept-aiml,1,Linear Algebra & Calculus,4,Theory,22MA1101,R22,4,core,3,1,0,False,,
subj-0418,aits-hyd-001,dept-aiml,1,Applied Physics,4,Theory,22PH1101,R22,3,core,3,0,0,False,,
subj-0419,aits-hyd-001,dept-aiml,1,Programming for Problem Solving (C),3,Theory,22CS1101,R22,3,core,3,0,0,False,,
subj-0420,aits-hyd-001,dept-aiml,1,Programming for Problem Solving Lab,1,Lab,22CS1102,R22,3,core,0,0,3,False,,
subj-0421,aits-hyd-001,dept-aiml,1,English - I,2,Theory,22EN1101,R22,2,aec,2,0,0,False,,
subj-0422,aits-hyd-001,dept-aiml,1,Engineering Drawing,2,Lab,22ME1101,R22,3,core,1,0,2,False,,
subj-0423,aits-hyd-001,dept-aiml,1,Applied Physics Lab,1,Lab,22PH1102,R22,2,core,0,0,2,False,,
subj-0424,aits-hyd-001,dept-aiml,2,"Probability, Statistics & Numerical Methods",4,Theory,22MA1201,R22,4,core,3,1,0,False,,
subj-0425,aits-hyd-001,dept-aiml,2,Engineering Chemistry,4,Theory,22CH1201,R22,3,core,3,0,0,False,,
subj-0426,aits-hyd-001,dept-aiml,2,Basic Electrical Engineering,3,Theory,22EE1201,R22,3,core,3,0,0,False,,
subj-0427,aits-hyd-001,dept-aiml,2,Basic Electrical Engineering Lab,1,Lab,22EE1202,R22,2,core,0,0,2,False,,
subj-0428,aits-hyd-001,dept-aiml,2,English - II,2,Theory,22EN1201,R22,2,aec,2,0,0,False,,
subj-0429,aits-hyd-001,dept-aiml,2,Data Structures,3,Theory,22CS1201,R22,3,core,3,0,0,False,,
subj-0430,aits-hyd-001,dept-aiml,2,Data Structures Lab,1,Lab,22CS1202,R22,3,core,0,0,3,False,,
subj-0431,aits-hyd-001,dept-aiml,2,Engineering Chemistry Lab,1,Lab,22CH1202,R22,2,core,0,0,2,False,,
subj-0432,aits-hyd-001,dept-aiml,3,Discrete Mathematics,3,Theory,22AM3101,R22,3,core,3,0,0,False,,
subj-0433,aits-hyd-001,dept-aiml,3,Object-Oriented Programming (Java),3,Theory,22AM3102,R22,3,core,3,0,0,False,,
subj-0434,aits-hyd-001,dept-aiml,3,Digital Logic Design,3,Theory,22AM3103,R22,3,core,3,0,0,False,,
subj-0435,aits-hyd-001,dept-aiml,3,Computer Organization,3,Theory,22AM3104,R22,3,core,3,0,0,False,,
subj-0436,aits-hyd-001,dept-aiml,3,OOP Lab,2,Lab,22AM3105,R22,3,core,0,0,3,False,,
subj-0437,aits-hyd-001,dept-aiml,3,Digital Logic Lab,1,Lab,22AM3106,R22,2,core,0,0,2,False,,
subj-0438,aits-hyd-001,dept-aiml,3,Managerial Economics & Financial Analysis,3,Theory,22HS3101,R22,3,sec,3,0,0,False,,
subj-0439,aits-hyd-001,dept-aiml,4,Operating Systems,3,Theory,22AM4101,R22,3,core,3,0,0,False,,
subj-0440,aits-hyd-001,dept-aiml,4,Database Management Systems,3,Theory,22AM4102,R22,3,core,3,0,0,False,,
subj-0441,aits-hyd-001,dept-aiml,4,Design & Analysis of Algorithms,3,Theory,22AM4103,R22,4,core,3,1,0,False,,
subj-0442,aits-hyd-001,dept-aiml,4,Software Engineering,3,Theory,22AM4104,R22,3,core,3,0,0,False,,
subj-0443,aits-hyd-001,dept-aiml,4,OS & DBMS Lab,2,Lab,22AM4105,R22,3,core,0,0,3,False,,
subj-0444,aits-hyd-001,dept-aiml,4,Python Programming Lab,1,Lab,22AM4106,R22,2,core,0,0,2,False,,
subj-0445,aits-hyd-001,dept-aiml,4,Environmental Science,2,Theory,22HS4101,R22,2,mdc,2,0,0,False,,
subj-0446,aits-hyd-001,dept-aiml,5,Computer Networks,3,Theory,22AM5101,R22,3,core,3,0,0,False,,
subj-0447,aits-hyd-001,dept-aiml,5,Compiler Design,3,Theory,22AM5102,R22,3,core,3,0,0,False,,
subj-0448,aits-hyd-001,dept-aiml,5,Formal Languages & Automata Theory,3,Theory,22AM5103,R22,4,core,3,1,0,False,,
subj-0449,aits-hyd-001,dept-aiml,5,Web Technologies,3,Theory,22AM5104,R22,4,core,2,0,2,False,,
subj-0450,aits-hyd-001,dept-aiml,5,Computer Networks Lab,2,Lab,22AM5105,R22,3,core,0,0,3,False,,
subj-0451,aits-hyd-001,dept-aiml,5,Professional Elective - I,3,Theory,22AM5106,R22,3,elective,3,0,0,False,,
subj-0452,aits-hyd-001,dept-aiml,5,Constitution of India,0,Theory,22MC5101,R22,2,mdc,2,0,0,False,,
subj-0453,aits-hyd-001,dept-aiml,6,Artificial Intelligence,3,Theory,22AM6101,R22,3,core,3,0,0,False,,
subj-0454,aits-hyd-001,dept-aiml,6,Cryptography & Network Security,3,Theory,22AM6102,R22,3,core,3,0,0,False,,
subj-0455,aits-hyd-001,dept-aiml,6,Machine Learning,3,Theory,22AM6103,R22,3,core,3,0,0,False,,
subj-0456,aits-hyd-001,dept-aiml,6,Cloud Computing,3,Theory,22AM6104,R22,3,core,3,0,0,False,,
subj-0457,aits-hyd-001,dept-aiml,6,AI & ML Lab,2,Lab,22AM6105,R22,3,core,0,0,3,False,,
subj-0458,aits-hyd-001,dept-aiml,6,Professional Elective - II,3,Theory,22AM6106,R22,3,elective,3,0,0,False,,
subj-0459,aits-hyd-001,dept-aiml,6,Open Elective - I,3,Theory,22AM6107,R22,3,open_elective,3,0,0,False,,
subj-0460,aits-hyd-001,dept-aiml,7,Big Data Analytics,3,Theory,22AM7101,R22,3,core,3,0,0,False,,
subj-0461,aits-hyd-001,dept-aiml,7,Internet of Things,3,Theory,22AM7102,R22,3,core,3,0,0,False,,
subj-0462,aits-hyd-001,dept-aiml,7,Professional Elective - III,3,Theory,22AM7103,R22,3,elective,3,0,0,False,,
subj-0463,aits-hyd-001,dept-aiml,7,Open Elective - II,3,Theory,22AM7104,R22,3,open_elective,3,0,0,False,,
subj-0464,aits-hyd-001,dept-aiml,7,Project - I,2,Lab,22AM7105,R22,4,core,0,0,4,False,,
subj-0465,aits-hyd-001,dept-aiml,7,Seminar,2,Lab,22AM7106,R22,2,core,0,0,2,False,,
subj-0466,aits-hyd-001,dept-aiml,8,Professional Elective - IV,3,Theory,22AM8101,R22,3,elective,3,0,0,False,,
subj-0467,aits-hyd-001,dept-aiml,8,Project - II,8,Lab,22AM8102,R22,16,core,0,0,16,False,,
subj-0468,aits-hyd-001,dept-aiml,8,Comprehensive Viva,2,Lab,22AM8103,R22,0,core,0,0,0,False,,
subj-0469,aits-hyd-001,dept-cso,1,Linear Algebra & Calculus,4,Theory,22MA1101,R22,4,core,3,1,0,False,,
subj-0470,aits-hyd-001,dept-cso,1,Applied Physics,4,Theory,22PH1101,R22,3,core,3,0,0,False,,
subj-0471,aits-hyd-001,dept-cso,1,Programming for Problem Solving (C),3,Theory,22CS1101,R22,3,core,3,0,0,False,,
subj-0472,aits-hyd-001,dept-cso,1,Programming for Problem Solving Lab,1,Lab,22CS1102,R22,3,core,0,0,3,False,,
subj-0473,aits-hyd-001,dept-cso,1,English - I,2,Theory,22EN1101,R22,2,aec,2,0,0,False,,
subj-0474,aits-hyd-001,dept-cso,1,Engineering Drawing,2,Lab,22ME1101,R22,3,core,1,0,2,False,,
subj-0475,aits-hyd-001,dept-cso,1,Applied Physics Lab,1,Lab,22PH1102,R22,2,core,0,0,2,False,,
subj-0476,aits-hyd-001,dept-cso,2,"Probability, Statistics & Numerical Methods",4,Theory,22MA1201,R22,4,core,3,1,0,False,,
subj-0477,aits-hyd-001,dept-cso,2,Engineering Chemistry,4,Theory,22CH1201,R22,3,core,3,0,0,False,,
subj-0478,aits-hyd-001,dept-cso,2,Basic Electrical Engineering,3,Theory,22EE1201,R22,3,core,3,0,0,False,,
subj-0479,aits-hyd-001,dept-cso,2,Basic Electrical Engineering Lab,1,Lab,22EE1202,R22,2,core,0,0,2,False,,
subj-0480,aits-hyd-001,dept-cso,2,English - II,2,Theory,22EN1201,R22,2,aec,2,0,0,False,,
subj-0481,aits-hyd-001,dept-cso,2,Data Structures,3,Theory,22CS1201,R22,3,core,3,0,0,False,,
subj-0482,aits-hyd-001,dept-cso,2,Data Structures Lab,1,Lab,22CS1202,R22,3,core,0,0,3,False,,
subj-0483,aits-hyd-001,dept-cso,2,Engineering Chemistry Lab,1,Lab,22CH1202,R22,2,core,0,0,2,False,,
subj-0484,aits-hyd-001,dept-cso,3,Discrete Mathematics,3,Theory,22CY3101,R22,3,core,3,0,0,False,,
subj-0485,aits-hyd-001,dept-cso,3,Object-Oriented Programming (Java),3,Theory,22CY3102,R22,3,core,3,0,0,False,,
subj-0486,aits-hyd-001,dept-cso,3,Digital Logic Design,3,Theory,22CY3103,R22,3,core,3,0,0,False,,
subj-0487,aits-hyd-001,dept-cso,3,Computer Organization,3,Theory,22CY3104,R22,3,core,3,0,0,False,,
subj-0488,aits-hyd-001,dept-cso,3,OOP Lab,2,Lab,22CY3105,R22,3,core,0,0,3,False,,
subj-0489,aits-hyd-001,dept-cso,3,Digital Logic Lab,1,Lab,22CY3106,R22,2,core,0,0,2,False,,
subj-0490,aits-hyd-001,dept-cso,3,Managerial Economics & Financial Analysis,3,Theory,22HS3101,R22,3,sec,3,0,0,False,,
subj-0491,aits-hyd-001,dept-cso,4,Operating Systems,3,Theory,22CY4101,R22,3,core,3,0,0,False,,
subj-0492,aits-hyd-001,dept-cso,4,Database Management Systems,3,Theory,22CY4102,R22,3,core,3,0,0,False,,
subj-0493,aits-hyd-001,dept-cso,4,Design & Analysis of Algorithms,3,Theory,22CY4103,R22,4,core,3,1,0,False,,
subj-0494,aits-hyd-001,dept-cso,4,Software Engineering,3,Theory,22CY4104,R22,3,core,3,0,0,False,,
subj-0495,aits-hyd-001,dept-cso,4,OS & DBMS Lab,2,Lab,22CY4105,R22,3,core,0,0,3,False,,
subj-0496,aits-hyd-001,dept-cso,4,Python Programming Lab,1,Lab,22CY4106,R22,2,core,0,0,2,False,,
subj-0497,aits-hyd-001,dept-cso,4,Environmental Science,2,Theory,22HS4101,R22,2,mdc,2,0,0,False,,
subj-0498,aits-hyd-001,dept-cso,5,Computer Networks,3,Theory,22CY5101,R22,3,core,3,0,0,False,,
subj-0499,aits-hyd-001,dept-cso,5,Compiler Design,3,Theory,22CY5102,R22,3,core,3,0,0,False,,
subj-0500,aits-hyd-001,dept-cso,5,Formal Languages & Automata Theory,3,Theory,22CY5103,R22,4,core,3,1,0,False,,
subj-0501,aits-hyd-001,dept-cso,5,Web Technologies,3,Theory,22CY5104,R22,4,core,2,0,2,False,,
subj-0502,aits-hyd-001,dept-cso,5,Computer Networks Lab,2,Lab,22CY5105,R22,3,core,0,0,3,False,,
subj-0503,aits-hyd-001,dept-cso,5,Professional Elective - I,3,Theory,22CY5106,R22,3,elective,3,0,0,False,,
subj-0504,aits-hyd-001,dept-cso,5,Constitution of India,0,Theory,22MC5101,R22,2,mdc,2,0,0,False,,
subj-0505,aits-hyd-001,dept-cso,6,Artificial Intelligence,3,Theory,22CY6101,R22,3,core,3,0,0,False,,
subj-0506,aits-hyd-001,dept-cso,6,Cryptography & Network Security,3,Theory,22CY6102,R22,3,core,3,0,0,False,,
subj-0507,aits-hyd-001,dept-cso,6,Machine Learning,3,Theory,22CY6103,R22,3,core,3,0,0,False,,
subj-0508,aits-hyd-001,dept-cso,6,Cloud Computing,3,Theory,22CY6104,R22,3,core,3,0,0,False,,
subj-0509,aits-hyd-001,dept-cso,6,AI & ML Lab,2,Lab,22CY6105,R22,3,core,0,0,3,False,,
subj-0510,aits-hyd-001,dept-cso,6,Professional Elective - II,3,Theory,22CY6106,R22,3,elective,3,0,0,False,,
subj-0511,aits-hyd-001,dept-cso,6,Open Elective - I,3,Theory,22CY6107,R22,3,open_elective,3,0,0,False,,
subj-0512,aits-hyd-001,dept-cso,7,Big Data Analytics,3,Theory,22CY7101,R22,3,core,3,0,0,False,,
subj-0513,aits-hyd-001,dept-cso,7,Internet of Things,3,Theory,22CY7102,R22,3,core,3,0,0,False,,
subj-0514,aits-hyd-001,dept-cso,7,Professional Elective - III,3,Theory,22CY7103,R22,3,elective,3,0,0,False,,
subj-0515,aits-hyd-001,dept-cso,7,Open Elective - II,3,Theory,22CY7104,R22,3,open_elective,3,0,0,False,,
subj-0516,aits-hyd-001,dept-cso,7,Project - I,2,Lab,22CY7105,R22,4,core,0,0,4,False,,
subj-0517,aits-hyd-001,dept-cso,7,Seminar,2,Lab,22CY7106,R22,2,core,0,0,2,False,,
subj-0518,aits-hyd-001,dept-cso,8,Professional Elective - IV,3,Theory,22CY8101,R22,3,elective,3,0,0,False,,
subj-0519,aits-hyd-001,dept-cso,8,Project - II,8,Lab,22CY8102,R22,16,core,0,0,16,False,,
subj-0520,aits-hyd-001,dept-cso,8,Comprehensive Viva,2,Lab,22CY8103,R22,0,core,0,0,0,False,,
subj-0521,aits-hyd-001,dept-iot,1,Linear Algebra & Calculus,4,Theory,22MA1101,R22,4,core,3,1,0,False,,
subj-0522,aits-hyd-001,dept-iot,1,Applied Physics,4,Theory,22PH1101,R22,3,core,3,0,0,False,,
subj-0523,aits-hyd-001,dept-iot,1,Programming for Problem Solving (C),3,Theory,22CS1101,R22,3,core,3,0,0,False,,
subj-0524,aits-hyd-001,dept-iot,1,Programming for Problem Solving Lab,1,Lab,22CS1102,R22,3,core,0,0,3,False,,
subj-0525,aits-hyd-001,dept-iot,1,English - I,2,Theory,22EN1101,R22,2,aec,2,0,0,False,,
subj-0526,aits-hyd-001,dept-iot,1,Engineering Drawing,2,Lab,22ME1101,R22,3,core,1,0,2,False,,
subj-0527,aits-hyd-001,dept-iot,1,Applied Physics Lab,1,Lab,22PH1102,R22,2,core,0,0,2,False,,
subj-0528,aits-hyd-001,dept-iot,2,"Probability, Statistics & Numerical Methods",4,Theory,22MA1201,R22,4,core,3,1,0,False,,
subj-0529,aits-hyd-001,dept-iot,2,Engineering Chemistry,4,Theory,22CH1201,R22,3,core,3,0,0,False,,
subj-0530,aits-hyd-001,dept-iot,2,Basic Electrical Engineering,3,Theory,22EE1201,R22,3,core,3,0,0,False,,
subj-0531,aits-hyd-001,dept-iot,2,Basic Electrical Engineering Lab,1,Lab,22EE1202,R22,2,core,0,0,2,False,,
subj-0532,aits-hyd-001,dept-iot,2,English - II,2,Theory,22EN1201,R22,2,aec,2,0,0,False,,
subj-0533,aits-hyd-001,dept-iot,2,Data Structures,3,Theory,22CS1201,R22,3,core,3,0,0,False,,
subj-0534,aits-hyd-001,dept-iot,2,Data Structures Lab,1,Lab,22CS1202,R22,3,core,0,0,3,False,,
subj-0535,aits-hyd-001,dept-iot,2,Engineering Chemistry Lab,1,Lab,22CH1202,R22,2,core,0,0,2,False,,
subj-0536,aits-hyd-001,dept-iot,3,Discrete Mathematics,3,Theory,22IO3101,R22,3,core,3,0,0,False,,
subj-0537,aits-hyd-001,dept-iot,3,Object-Oriented Programming (Java),3,Theory,22IO3102,R22,3,core,3,0,0,False,,
subj-0538,aits-hyd-001,dept-iot,3,Digital Logic Design,3,Theory,22IO3103,R22,3,core,3,0,0,False,,
subj-0539,aits-hyd-001,dept-iot,3,Computer Organization,3,Theory,22IO3104,R22,3,core,3,0,0,False,,
subj-0540,aits-hyd-001,dept-iot,3,OOP Lab,2,Lab,22IO3105,R22,3,core,0,0,3,False,,
subj-0541,aits-hyd-001,dept-iot,3,Digital Logic Lab,1,Lab,22IO3106,R22,2,core,0,0,2,False,,
subj-0542,aits-hyd-001,dept-iot,3,Managerial Economics & Financial Analysis,3,Theory,22HS3101,R22,3,sec,3,0,0,False,,
subj-0543,aits-hyd-001,dept-iot,4,Operating Systems,3,Theory,22IO4101,R22,3,core,3,0,0,False,,
subj-0544,aits-hyd-001,dept-iot,4,Database Management Systems,3,Theory,22IO4102,R22,3,core,3,0,0,False,,
subj-0545,aits-hyd-001,dept-iot,4,Design & Analysis of Algorithms,3,Theory,22IO4103,R22,4,core,3,1,0,False,,
subj-0546,aits-hyd-001,dept-iot,4,Software Engineering,3,Theory,22IO4104,R22,3,core,3,0,0,False,,
subj-0547,aits-hyd-001,dept-iot,4,OS & DBMS Lab,2,Lab,22IO4105,R22,3,core,0,0,3,False,,
subj-0548,aits-hyd-001,dept-iot,4,Python Programming Lab,1,Lab,22IO4106,R22,2,core,0,0,2,False,,
subj-0549,aits-hyd-001,dept-iot,4,Environmental Science,2,Theory,22HS4101,R22,2,mdc,2,0,0,False,,
subj-0550,aits-hyd-001,dept-iot,5,Computer Networks,3,Theory,22IO5101,R22,3,core,3,0,0,False,,
subj-0551,aits-hyd-001,dept-iot,5,Compiler Design,3,Theory,22IO5102,R22,3,core,3,0,0,False,,
subj-0552,aits-hyd-001,dept-iot,5,Formal Languages & Automata Theory,3,Theory,22IO5103,R22,4,core,3,1,0,False,,
subj-0553,aits-hyd-001,dept-iot,5,Web Technologies,3,Theory,22IO5104,R22,4,core,2,0,2,False,,
subj-0554,aits-hyd-001,dept-iot,5,Computer Networks Lab,2,Lab,22IO5105,R22,3,core,0,0,3,False,,
subj-0555,aits-hyd-001,dept-iot,5,Professional Elective - I,3,Theory,22IO5106,R22,3,elective,3,0,0,False,,
subj-0556,aits-hyd-001,dept-iot,5,Constitution of India,0,Theory,22MC5101,R22,2,mdc,2,0,0,False,,
subj-0557,aits-hyd-001,dept-iot,6,Artificial Intelligence,3,Theory,22IO6101,R22,3,core,3,0,0,False,,
subj-0558,aits-hyd-001,dept-iot,6,Cryptography & Network Security,3,Theory,22IO6102,R22,3,core,3,0,0,False,,
subj-0559,aits-hyd-001,dept-iot,6,Machine Learning,3,Theory,22IO6103,R22,3,core,3,0,0,False,,
subj-0560,aits-hyd-001,dept-iot,6,Cloud Computing,3,Theory,22IO6104,R22,3,core,3,0,0,False,,
subj-0561,aits-hyd-001,dept-iot,6,AI & ML Lab,2,Lab,22IO6105,R22,3,core,0,0,3,False,,
subj-0562,aits-hyd-001,dept-iot,6,Professional Elective - II,3,Theory,22IO6106,R22,3,elective,3,0,0,False,,
subj-0563,aits-hyd-001,dept-iot,6,Open Elective - I,3,Theory,22IO6107,R22,3,open_elective,3,0,0,False,,
subj-0564,aits-hyd-001,dept-iot,7,Big Data Analytics,3,Theory,22IO7101,R22,3,core,3,0,0,False,,
subj-0565,aits-hyd-001,dept-iot,7,Internet of Things,3,Theory,22IO7102,R22,3,core,3,0,0,False,,
subj-0566,aits-hyd-001,dept-iot,7,Professional Elective - III,3,Theory,22IO7103,R22,3,elective,3,0,0,False,,
subj-0567,aits-hyd-001,dept-iot,7,Open Elective - II,3,Theory,22IO7104,R22,3,open_elective,3,0,0,False,,
subj-0568,aits-hyd-001,dept-iot,7,Project - I,2,Lab,22IO7105,R22,4,core,0,0,4,False,,
subj-0569,aits-hyd-001,dept-iot,7,Seminar,2,Lab,22IO7106,R22,2,core,0,0,2,False,,
subj-0570,aits-hyd-001,dept-iot,8,Professional Elective - IV,3,Theory,22IO8101,R22,3,elective,3,0,0,False,,
subj-0571,aits-hyd-001,dept-iot,8,Project - II,8,Lab,22IO8102,R22,16,core,0,0,16,False,,
subj-0572,aits-hyd-001,dept-iot,8,Comprehensive Viva,2,Lab,22IO8103,R22,0,core,0,0,0,False,,
